negative,neutral,positive
6.2267080759999995,2.0,9.686335402000001
35.69086339599998,11.384645563000001,63.183749947999985
18.589326391,5.865659409,24.585546156999996
60.506897862999985,19.250304972000002,97.45563150699998
