negative,neutral,positive
38.21332134599999,10.161147434,47.37441429199998
38.21332134599999,10.161147434,47.37441429199998
