negative,neutral,positive
19.570512817999997,3.6538461530000004,26.365384612999996
25.306776554999992,4.628205127999999,38.167582415
59.75280158899999,7.856695291,93.349952273
104.63009096199998,16.138746572,157.88291930100002
