negative,neutral,positive
31.454544505999994,6.667990409999999,38.88874296
8.733482236999999,4.614144258,21.887753950000004
11.351335656999998,10.915040654,23.993786289999996
17.684059435999995,4.089396782,26.455243131
18.635801042000004,4.9881819940000005,30.720647771
48.693088198999995,11.139891396999998,55.60761080599999
36.06628407299999,7.434481113000001,35.495982780999995
172.61859514999998,49.849126608000006,233.04976768899996
