negative,neutral,positive
49.809639406999985,11.167174562000001,71.525664375
49.809639406999985,11.167174562000001,71.525664375
