negative,neutral,positive
9.224358974000001,3.166666667,27.455128204999998
42.65073845,7.012137350000002,59.552014783999994
13.327777778,0.766666667,23.905555555
27.925321776999994,8.853601474,29.211065019999992
45.967404077,4.261160186000001,74.28309572199998
28.14588718899999,7.149963847000001,45.72787178899999
167.24148824499997,31.210196191000005,260.134731075
