negative,neutral,positive
22.046565267999995,5.326068375,48.743076126000005
31.149142322999992,2.0298624129999996,50.41480389299999
26.553846155000002,9.000000000999998,34.535897432999995
57.247958036,10.650313534999999,66.70251930499998
69.97429864899998,11.824194323000002,93.325091499
62.47599988,6.404784240000001,83.25117334999999
269.447810311,45.235222887,376.97256160599994
