negative,neutral,positive
69.39886712,5.674168492000002,67.797004843
44.740247038999996,4.946665937,101.54200613399999
114.139114159,10.620834429000002,169.339010977
