negative,neutral,positive
111.11681059499999,22.514857357,160.357821949
111.11681059499999,22.514857357,160.357821949
