negative,neutral,positive
10.40082683,1.141768859,16.267558527
26.093806073000003,2.3823671490000002,39.299792956999994
14.565389084,3.0943089410000004,60.916823461
51.060021987,6.618444949000001,116.48417494499999
