negative,neutral,positive
20.365658325999995,2.8982631189999997,25.521555271999993
20.365658325999995,2.8982631189999997,25.521555271999993
