negative,neutral,positive
10.160214716999999,4.630894309000001,25.688878465
14.093197372000002,3.9517167330000005,34.346623257999994
19.105568187,4.926468696,51.69873432299999
57.34946719899999,20.58586076,76.59323501499999
18.700300458999997,1.7085189109999999,36.52453163599999
119.40874793399999,35.803459409,224.852002697
