negative,neutral,positive
22.708259613,4.325773262,17.112761151
10.970703092999997,6.715564981000001,21.783997373
9.526258648999997,6.604453870000001,20.450664040000003
9.976258648999996,6.604453870000001,22.00066404
10.226258648999996,6.604453870000001,21.75066404
63.40773865299998,30.854699853000003,103.098750644
