negative,neutral,positive
55.38253486199999,6.000208855,43.841526891
26.27875895199999,7.4392830750000005,51.074399885000005
81.66129381399998,13.43949193,94.915926776
