negative,neutral,positive
31.788368634999994,2.418803419,20.02424749
34.35674470299999,2.153846154,32.408862875
46.344030366000005,2.777777778,20.303312627
5.232215806,5.521077793,19.166554914000002
3.7062271050000004,7.070512821,19.193956045000004
59.56142651099998,11.756257698,90.701480225
180.98901312599997,31.698275663000004,201.798414176
