negative,neutral,positive
27.372266620999998,11.162626262,32.965301362999995
20.661382113000002,5.715853659,23.586178862
24.822649571,6.227777778999999,47.774358971999995
10.876339377999999,4.99747759,16.901563476
17.172979436,2.5310616920000006,37.699617407
65.17608239099998,7.277948694999999,88.23770999799999
166.08169950999996,37.912745677000004,247.164730078
