negative,neutral,positive
25.963286064999995,3.309113846,40.12225962499999
39.29119219399999,7.521828738000001,57.43640002099998
65.25447825899998,10.830942584,97.55865964599997
