negative,neutral,positive
36.003445603999985,9.258710801000001,103.748877272
71.132528536,13.48275362,113.33633779799996
16.839159888,6.893631436,29.869512197000002
16.368668046000003,3.804589372,24.128674945999993
34.54803522799999,5.228116530999999,20.725203249000003
28.491306794999993,8.261000246,99.042848341
26.603445604999994,3.9825203240000002,69.42506774899998
30.669871796000002,1.653846154,50.787179484999996
260.65646149799994,52.565168484000004,511.0637010369999
