negative,neutral,positive
14.333014139999998,6.530411457000001,33.07922423
67.03438549900001,8.618611291,80.80895366199998
29.468255648,4.566926523000001,29.683068478999996
110.83565528700001,19.715949271000003,143.57124637099997
