negative,neutral,positive
22.318705347,6.534540529000002,53.830767605
22.318705347,6.534540529000002,53.830767605
