negative,neutral,positive
29.80556818599999,15.857024253999995,92.95928987799996
29.80556818599999,15.857024253999995,92.95928987799996
