negative,neutral,positive
35.30873015900001,3.816666667,16.485714285
35.30873015900001,3.816666667,16.485714285
