negative,neutral,positive
42.94232439800002,10.580894307000001,66.27644548399998
29.270648351999995,2.777697125,33.683191885
72.21297275,13.358591432,99.95963736899998
