negative,neutral,positive
36.902526852,6.518346060999999,41.656919349
1.5,0.0,1.5
1.0,0.0,2.0
39.402526852,6.518346060999999,45.156919349
