negative,neutral,positive
6.205826556999999,4.476964769,17.002845527999998
6.205826556999999,4.476964769,17.002845527999998
