negative,neutral,positive
7.951877660999999,2.941192411,33.84947735
7.951877660999999,2.941192411,33.84947735
