negative,neutral,positive
22.315448373999995,8.029112757,58.730248202999995
40.34370439799999,11.029753715999998,91.50202804699998
62.659152771999985,19.058866473,150.23227624999998
