negative,neutral,positive
55.145528454,4.246747966000001,45.078048779999996
55.145528454,4.246747966000001,45.078048779999996
