negative,neutral,positive
22.214430894,3.523373983,22.522357724000003
24.643410022999994,3.5014071280000003,41.069469854000005
84.59068365600002,20.19371783700001,72.24795636999997
131.44852457300001,27.218498948000008,135.839783948
