negative,neutral,positive
38.72711536299999,10.037271401,65.14743054799999
62.519092998999994,4.3011007800000005,35.471128693999994
101.24620836199998,14.338372181,100.61855924199998
