negative,neutral,positive
36.82720465399999,8.839068205,51.367457449999975
37.033737310999996,5.848373982999999,44.50123971
73.860941965,14.687442187999999,95.86869715999998
