negative,neutral,positive
38.32587668199999,6.352967274999999,36.67001344599999
38.32587668199999,6.352967274999999,36.67001344599999
