negative,neutral,positive
25.16394485499999,2.138600210999999,42.72431954900001
25.16394485499999,2.138600210999999,42.72431954900001
