negative,neutral,positive
25.231905812,4.458518913000001,52.283227287
25.231905812,4.458518913000001,52.283227287
