negative,neutral,positive
44.654233422999994,8.681785951,60.03442585899999
46.129464766,12.216873933999997,98.69863299399998
66.69688508200002,11.760241234000002,65.66816569699999
33.159582085,5.226320901999999,49.22303251999999
190.640165356,37.885222021,273.62425706999994
