negative,neutral,positive
30.97898792499999,15.555068491999998,50.81512972999998
28.27899300299999,4.606257699,30.777614960999998
59.25798092799998,20.161326191,81.59274469099998
