negative,neutral,positive
19.341418742000002,0.532520325,28.012552490000004
19.341418742000002,0.532520325,28.012552490000004
