negative,neutral,positive
17.048184133,7.101509871000001,43.22394621499999
17.544245335,8.915603695,54.26229898899999
21.197535659999993,9.065756868,48.772970603999994
55.78996512799999,25.082870434,146.25921580799996
