negative,neutral,positive
1.0,0.0,1.0
18.82051282,4.916666666,15.852564101999999
3.059322034,0.033898305,3.855932203
2.5,0.0,3.5
51.398598502000006,7.543478263000002,86.66188087199998
42.168979609000004,6.025113334000002,45.288022959999985
19.065927567,1.7855506289999998,28.142239466
29.865519263999996,3.863053613,57.168852883
167.878859796,24.167760810000004,241.46949248599998
