negative,neutral,positive
45.82457915699999,10.722369782000003,69.90369518699998
12.866666666999999,3.866666667,25.099999997999994
58.691245823999985,14.589036449000004,95.00369518499997
