negative,neutral,positive
13.991289197,4.835656213,25.658536585
13.991289197,4.835656213,25.658536585
