negative,neutral,positive
17.079498056,2.4991869920000003,22.174584656999997
17.079498056,2.4991869920000003,22.174584656999997
