negative,neutral,positive
37.36672494100001,6.773543124,19.188111886999998
114.05526795700001,22.732466762,123.94113678399994
32.902940555,7.1007021460000015,38.39159011399999
184.32493345300003,36.606712032000004,181.52083878499994
