negative,neutral,positive
44.824579156999995,10.722369782000003,69.90369518699998
12.866666666999999,3.866666667,25.099999997999994
57.69124582399999,14.589036449000004,95.00369518499997
