negative,neutral,positive
8.884953814,4.168478262,24.626166584999996
8.884953814,4.168478262,24.626166584999996
