negative,neutral,positive
24.29800915100001,0.38446327700000005,43.60472154399998
10.249999999,2.0,22.350000000999998
26.025046707999998,6.152810181,48.321789624999994
27.180298855999986,11.758672087999999,59.04487198599999
33.639709341,7.043631438000001,45.515116588
121.393064055,27.339576984,218.83649974399998
