negative,neutral,positive
28.681953208999996,6.139455057,27.26391779
28.681953208999996,6.139455057,27.26391779
