negative,neutral,positive
49.990457613,6.4982905980000005,59.68915962499999
36.219219602,9.718073794999999,30.888390061999992
86.209677215,16.216364393,90.57754968699999
