negative,neutral,positive
37.581623931,3.903846154,28.937606837
37.581623931,3.903846154,28.937606837
