negative,neutral,positive
29.615499267999994,8.007775693000001,30.671075669999993
87.11481432599999,10.162445058999998,100.746874025
33.73443267099999,12.303306642000003,69.11560527099999
75.80889248799998,12.106122789999997,110.56413601899996
226.27363875299994,42.579650184,311.097690985
