negative,neutral,positive
17.172979436,2.5310616920000006,37.699617407
57.176082390999994,7.277948694999999,88.23770999799999
74.34906182699999,9.809010387,125.93732740499999
