negative,neutral,positive
26.806894936000003,3.8446998139999997,35.56823014099999
13.234146341999995,1.2642276419999996,28.725203250999996
65.452797623,18.806948576999996,95.16952118999998
0.0,0.0,0.0
105.49383890099999,23.915876032999996,159.46295458199995
