negative,neutral,positive
35.73600332,8.317260787000002,57.22818149199998
23.737697084999994,3.6538461549999997,37.694577161000005
59.473700404999995,11.971106942000002,94.92275865299999
