negative,neutral,positive
37.13912117099999,3.8277730260000005,44.08697908399999
58.829838476000006,14.735485781999998,100.02521639299997
95.96895964699999,18.563258807999997,144.11219547699994
