negative,neutral,positive
10.065419595,1.015605622,10.794956593
29.166666663999997,2.0,44.33333333600001
10.005032907000002,4.631726673999999,13.394115368999998
12.838366240000001,3.3817266740000003,25.810782036000003
20.00106705,4.374358974000001,39.927104632
82.076552456,15.403417944000001,134.260291966
