negative,neutral,positive
39.046164722,2.3991869900000005,18.474584656
38.07122680200001,1.1053268760000001,29.701170291999993
77.11739152400001,3.504513866000001,48.17575494799999
