negative,neutral,positive
76.917841742,13.973449069999996,86.88197338399996
57.225305508,9.774238750999999,39.460195420999995
93.743740773,11.321724635999999,84.46799012299999
227.88688802299998,35.06941245699999,210.81015892799996
