negative,neutral,positive
29.724612434999994,3.0792682919999996,21.339279399000002
29.724612434999994,3.0792682919999996,21.339279399000002
