negative,neutral,positive
9.956620209,0.7325203250000001,11.107607433
71.65824906799998,13.716178539999994,90.99624724499998
42.57882678500001,8.030341593000003,40.72454976499999
124.19369606199999,22.479040457999997,142.82840444299995
