negative,neutral,positive
11.638888887,1.5833333330000001,14.388888889
50.84113358,10.419232884999998,69.35384235
32.51588256499999,10.412434855999999,41.87026071799999
85.00159446300003,12.548373983999998,101.22266826999996
43.228048779,5.874186992,42.069512192999994
34.23443987799999,5.605563782000001,76.659995991
257.45998815200005,46.44312583199999,345.56516841099995
