negative,neutral,positive
11.905826559,4.199186992,38.23340108099999
11.905826559,4.199186992,38.23340108099999
