negative,neutral,positive
30.503048779999997,1.7408536589999999,36.219512195
30.503048779999997,1.7408536589999999,36.219512195
