negative,neutral,positive
16.511462216999995,5.5630832119999996,28.144449674999997
26.53651509,6.210675571,53.606001614
43.047977307,11.773758783,81.750451289
