negative,neutral,positive
52.756676518,19.491081548000004,56.27010347099999
39.094672658,4.5818968159999995,61.36856164299999
91.851349176,24.072978364000004,117.63866511399999
