negative,neutral,positive
31.02325496399999,3.36441714,33.264758027
31.02325496399999,3.36441714,33.264758027
