negative,neutral,positive
55.53043394600003,10.877642274000001,78.13924236699998
40.214574316000004,3.418181819,34.13239538
42.39060146199999,7.192799849,65.682335426
36.11577027199999,8.292005419,38.461100686
174.251379996,29.780629361000003,216.41507385899996
