negative,neutral,positive
34.357993459,2.398601399,27.511693374999993
34.357993459,2.398601399,27.511693374999993
