negative,neutral,positive
68.67553143399999,13.84521359,88.388247008
41.68969581399999,7.434798536000001,47.678221050000005
35.82989518399999,6.461340922999999,78.123643724
146.19512243199998,27.741353049,214.190111782
