negative,neutral,positive
120.84720222500002,17.426217840999996,158.01637307499993
120.84720222500002,17.426217840999996,158.01637307499993
