negative,neutral,positive
61.913008588000025,13.807828699,85.56413998599996
61.913008588000025,13.807828699,85.56413998599996
