negative,neutral,positive
67.92926290499999,21.265300943999996,75.649922573
67.92926290499999,21.265300943999996,75.649922573
