negative,neutral,positive
105.994560601,12.431486576000001,144.27295937499997
77.13267292900002,17.346511929000002,109.44866441399992
183.12723353,29.777998505000003,253.7216237889999
