negative,neutral,positive
44.557869504,11.671491258999998,73.623207408
44.557869504,11.671491258999998,73.623207408
