negative,neutral,positive
27.13601474499999,5.175185579000001,34.738817346999994
11.097367405,4.842818429,46.589818040999994
38.23338214999999,10.018004008000002,81.32863538799998
