negative,neutral,positive
43.768021679000015,6.729268292,61.986449863
23.010065809999997,5.092818429,60.779500583000015
66.77808748900001,11.822086721000002,122.765950446
