negative,neutral,positive
41.47694612899999,5.975361478999999,37.215846047
71.098628702,13.033533266,72.64391900599999
49.136282318000006,15.526913786999998,56.639711731999995
161.711857149,34.535808532,166.49947678499998
