negative,neutral,positive
47.26758225100002,8.532102117,71.41172864199997
28.06256565,4.842110865,65.336263464
10.357142859,2.7857142850000005,12.69047619
85.68729076000002,16.159927267,149.43846829599997
