negative,neutral,positive
91.266630808,14.716364646999999,123.81229104700002
91.266630808,14.716364646999999,123.81229104700002
