negative,neutral,positive
45.72361892800001,6.396664583000001,54.56722951299999
56.91646862800001,15.132218049999999,90.26437356199996
102.64008755600003,21.528882633,144.83160307499995
