negative,neutral,positive
16.62997076,4.5954469510000004,16.493358394999998
24.09760972999999,3.7959349580000006,28.688634388
55.290202951999994,10.729207982999998,95.02677386999997
54.959532728,7.152649607000001,94.58996686199994
79.16737700399999,13.583295518000002,136.944369404
230.144693174,39.856535017,371.74310291899997
