negative,neutral,positive
28.587862949999995,3.0792682919999996,47.049941927
53.336520233,6.922936053000001,97.229366258
81.924383183,10.002204345,144.279308185
