negative,neutral,positive
11.90485049,0.663979605,10.233980983
11.90485049,0.663979605,10.233980983
