negative,neutral,positive
46.73389974599999,8.229115116,58.07965332899999
20.909935232999995,2.6132478630000002,26.723936929
4.3333333320000005,1.8333333339999998,9.333333332
48.016178861,9.373144659000001,84.13139393699998
49.96223848999999,8.516812817,86.19806852300002
52.312286551,15.195417678999998,60.667204466
222.26787221299998,45.761071468,325.13359051599997
