negative,neutral,positive
5.45,7.250000001,13.299999999000002
5.45,7.250000001,13.299999999000002
