negative,neutral,positive
49.744507127999995,7.438988831000002,45.908568826999996
27.909019115999996,2.9938828209999997,42.178034061999995
53.29276862099999,8.288489424000002,78.275020997
130.94629486499997,18.721361076000004,166.361623886
