negative,neutral,positive
17.129986763,4.588721876,30.91137266
56.08314874799998,10.634273381000002,100.680819167
73.21313551099998,15.222995257000001,131.592191827
