negative,neutral,positive
66.807408659,11.934295767000002,37.56873292099999
46.479237933,12.553033146,63.56488299999998
52.88681589400001,6.226853907,41.30561450199998
166.173462486,30.71418282,142.43923042299997
