negative,neutral,positive
13.44183865,1.847560975,15.991869918
22.94603814,5.134420273,42.856050814
16.727666556000003,2.5402126330000003,27.331544363000006
24.350937507,3.8355534700000007,44.24312535699999
32.418476620999996,5.3086727,21.085671188
26.615338472999998,9.657392024,44.16957719000001
136.500295947,28.323812075,195.67783883
