negative,neutral,positive
40.059248734,7.228644781,46.877562806
25.231905812,4.458518913000001,52.283227287
65.291154546,11.687163694,99.160790093
