negative,neutral,positive
35.964285713,6.624999996,28.95238094699999
24.755952379999997,7.499999997999998,29.452380948999988
28.610899020999994,6.097254624999999,45.390526687
89.331137114,20.222254618999997,103.79528858299997
