negative,neutral,positive
46.69452747900001,7.126379976,76.97239440099999
81.584103,10.455987799,118.41181461299998
128.27863047900001,17.582367775,195.38420901399996
