negative,neutral,positive
29.024125347,2.8672316380000002,20.1375057
18.846841750999996,5.847794524999999,30.692463885999995
3.184782609,0.25,5.855072463
36.322613104,4.021981517,46.288528871000004
87.37836281099999,12.98700768,102.97357091999999
