negative,neutral,positive
29.902940555,7.1007021460000015,38.39159011399999
29.902940555,7.1007021460000015,38.39159011399999
