negative,neutral,positive
25.466838648999996,3.9308943090000006,19.508536585
79.17978686400001,17.248031219,94.50121382399999
104.646625513,21.178925528,114.00975040899999
