negative,neutral,positive
66.60559559200003,11.276094891999998,72.59751225999997
24.252841956999998,5.475129433,39.936053898
22.315448373999995,8.029112757,58.730248202999995
40.34370439799999,11.029753715999998,91.50202804699998
153.51759032100003,35.810090798,262.7658424079999
