negative,neutral,positive
42.515882565,10.412434855999999,41.87026071799999
85.00159446300003,12.548373983999998,101.22266826999996
52.228048779,5.874186992,42.069512192999994
36.234439877999996,5.605563782000001,76.659995991
215.97996568500002,34.440559613999994,261.822437172
