negative,neutral,positive
19.056246464,3.5181958960000004,29.294434019999997
17.689196846,6.415742793,30.583789109
48.237207148999985,6.240627564,72.75725769799999
41.069583786999985,7.296845958000001,68.54917615299998
30.317479673999998,2.5808943090000005,35.858536585
156.36971391999998,26.052306520000005,237.04319356499994
