negative,neutral,positive
69.380311066,3.963414635,50.049787906999995
69.380311066,3.963414635,50.049787906999995
