negative,neutral,positive
1.0,0.0,2.0
26.52792667799999,3.6752553680000006,31.294420618999997
19.598290594999998,1.111111111,19.102564104000002
47.12621727299999,4.786366479000001,52.396984722999996
