ratio,portion
0.7364542031326341,0.38953623232572454
