ratio,portion
0.5576294771111249,0.05213108888891482
