ratio,portion
0.6416043149892231,0.21057417922494914
