ratio,portion
0.6817750794395867,0.28636807441431444
