ratio,portion
0.6637300615826655,0.25232087091068944
