ratio,portion
0.6623023710580831,0.24962711520393022
