ratio,portion
0.6413507990263735,0.21009584721957264
