ratio,portion
0.6154499373029336,0.16122629679798783
