ratio,portion
0.7054530834748698,0.33104355372616934
