ratio,portion
0.6525611839341022,0.23124751685679668
