ratio,portion
0.6047880376702189,0.14110950503814879
