ratio,portion
0.3631788828134829,-0.31475682488022105
