ratio,portion
0.6352256937408673,0.19853904479408935
