ratio,portion
0.6427247276529687,0.21268816538295976
