ratio,portion
0.5723999344165212,0.07999987625758709
