ratio,portion
0.653612265649079,0.2332306899039227
