ratio,portion
0.7220297579006467,0.3623202979257485
