ratio,portion
0.5954575378341014,0.12350478836622902
