ratio,portion
0.5159448707308034,-0.026519111828672837
