ratio,portion
0.6673695518435679,0.2591878336671092
