ratio,portion
0.5917744716489485,0.11655560688480837
