ratio,portion
0.6204876579171357,0.1707314300323315
