ratio,portion
0.5778990502450594,0.09037556650011203
