ratio,portion
0.6519009264610716,0.2300017480397576
