ratio,portion
0.5838878117935732,0.10167511659164741
