ratio,portion
0.6926864909042594,0.3069556432155838
