ratio,portion
0.6939245189531635,0.3092915451946481
