ratio,portion
0.6083369677082102,0.14780559944945315
