ratio,portion
0.614053016836408,0.15859059780454343
