ratio,portion
0.50254575806976,-0.051800456472151035
