ratio,portion
0.6854215046968212,0.2932481220694738
