ratio,portion
0.6297540620067676,0.1882152113335238
