ratio,portion
0.4650756852929527,-0.122498706994429
