ratio,portion
0.636098202961578,0.200185288606751
