ratio,portion
0.5563180987669242,0.04965679012627189
