ratio,portion
0.6301409377889869,0.18894516563959796
