ratio,portion
0.648254503267492,0.2231217042782867
