ratio,portion
0.7205867578812369,0.3595976563796923
