ratio,portion
0.7533038345686547,0.42132798975217867
