ratio,portion
0.6737618354473562,0.27124874612708716
