ratio,portion
0.6910321460965733,0.30383423791806274
