ratio,portion
0.580997029464935,0.09622081031119811
