ratio,portion
0.5169130167486684,-0.024692421228927564
