ratio,portion
0.7283721314833981,0.3742870405347132
