ratio,portion
0.7242014452662644,0.36641782125710254
