ratio,portion
0.5848098859095237,0.10341487907457281
