ratio,portion
0.7006038431778933,0.321894043731874
