ratio,portion
0.5731428067619362,0.08140152219233232
