ratio,portion
0.5619494835175535,0.060282044372742316
