ratio,portion
0.6532047751385457,0.23246183988404834
