ratio,portion
0.5819951689370685,0.09810409233409145
