ratio,portion
0.6314899620873315,0.19149049450439914
