ratio,portion
0.6166584762098345,0.16350655888648014
