ratio,portion
0.5746964661644831,0.08433295502732663
