ratio,portion
0.7159020226371805,0.350758533277699
