ratio,portion
0.6503442644075476,0.2270646498255613
