ratio,portion
0.5829527186087665,0.09991078982786128
