ratio,portion
0.6711095266874234,0.26624438997627053
