ratio,portion
0.6508201459875194,0.22796253959909296
