ratio,portion
0.6488470366861318,0.22423969186062598
