ratio,portion
0.5918746931810507,0.11674470411518989
