ratio,portion
0.613412679305745,0.1573824137844244
