ratio,portion
0.6246107970033818,0.1785109377422298
