ratio,portion
0.2857142857142857,-0.46091644204851756
