ratio,portion
0.6376650205804852,0.20314154826506647
