ratio,portion
0.697015115022759,0.3151228585335075
