ratio,portion
0.537167684686645,0.013523933371028196
