ratio,portion
0.6284091281813491,0.18567760034216807
