ratio,portion
0.6815967773344404,0.2860316553480007
