ratio,portion
0.6309922155602782,0.19055135011373237
