ratio,portion
0.4889400413923073,-0.07747162001451458
