ratio,portion
0.6320527407395855,0.19255234101808583
