ratio,portion
0.34964923120047575,-0.3402844694330647
