ratio,portion
0.44682170540725086,-0.15694017847688524
