ratio,portion
0.6387517242591252,0.20519193256438717
