ratio,portion
0.6586232335374281,0.2426853462970342
