ratio,portion
0.5929252045075466,0.11872680095763499
