ratio,portion
0.6345855982397016,0.19733131743339927
