ratio,portion
0.5274060329455176,-0.004894277461287677
