ratio,portion
0.7702110948641752,0.45322848087580203
