ratio,portion
0.5999880706995373,0.13205296358403262
