ratio,portion
0.6465391486533957,0.2198851861384823
