ratio,portion
0.6585008293560904,0.24245439501149124
