ratio,portion
0.5753879742099771,0.08563768718863596
