ratio,portion
0.6741095943426086,0.2719048949860541
