ratio,portion
0.6712846704522745,0.26657484990995184
