ratio,portion
0.6133695556694168,0.15730104843286163
