ratio,portion
0.6002757692457809,0.13259579102977503
