ratio,portion
0.6262149424457193,0.18153762725607403
