negative,neutral,positive
20.223594831999993,16.826040895,36.458063206999995
20.223594831999993,16.826040895,36.458063206999995
