negative,neutral,positive
20.87697740000001,13.192796609,29.995197735999987
53.236638832000004,20.137917564,51.08284434399998
74.11361623200001,33.330714173,81.07804207999996
