negative,neutral,positive
19.740785907999996,0.8720867200000002,44.519918698000005
19.592121564999996,1.6633178469999996,50.804181183000004
13.840609163000003,5.060298104,43.907917991999994
18.009279608999996,7.311111109,58.747985349000004
15.440863403999998,2.7467009040000003,19.073750835
40.950451375,3.6900960820000006,57.406958083999996
127.57411102399999,21.343610766,274.46071214100004
