negative,neutral,positive
34.779329456999996,3.6859652670000003,39.302837294
34.779329456999996,3.6859652670000003,39.302837294
