negative,neutral,positive
14.401954334,8.078040479,47.73333325199999
14.401954334,8.078040479,47.73333325199999
