negative,neutral,positive
31.229198129999993,9.857969940999999,49.37644204399998
8.637179485999999,2.403846154,10.342051281000002
14.550969357,2.3483739820000005,34.258255159
54.417346972999994,14.610190076999999,93.97674848399998
