negative,neutral,positive
63.437205997999996,5.909304922,58.78349424099999
36.109141320999996,8.536269824,32.75069404199999
19.642302952,2.5353030729999997,30.199595302999995
119.188650271,16.980877819,121.73378358599999
