negative,neutral,positive
21.149989903999995,5.398373984,28.104552335999998
3.634146342,6.597560977000001,15.491869916000004
13.979910806000001,4.44747759,25.722992046999995
38.764047051999995,16.443412551,69.319414299
