negative,neutral,positive
16.990367620999997,2.4759985870000003,15.576758571000003
16.990367620999997,2.4759985870000003,15.576758571000003
