negative,neutral,positive
19.623015873999996,0.816666667,49.47698412599999
31.838366242,0.849186992,74.60919473299998
34.79093852699998,16.558197832999998,92.81356949600001
31.848290598,1.4871794870000001,24.087606837000003
118.10061124099997,19.711230978999996,240.987355192
