negative,neutral,positive
5.640476190999999,2.3333333339999998,8.026190475
3.452898551,0.416666667,5.0434782600000005
25.215562946,2.8215153270000006,20.382552533000002
30.214647196,4.125361482000001,24.336032386
24.949171082,2.8814569180000005,20.165163071000006
38.779329456999996,3.6859652670000003,39.302837294
19.664715718,0.780657748,31.934225195
2.5,0.0,1.0
150.41680114099998,17.044956743,150.19047921400002
