negative,neutral,positive
22.983482234999993,5.8070014,28.818230142999997
22.983482234999993,5.8070014,28.818230142999997
