negative,neutral,positive
14.348561600999998,3.853033146,34.518230143
14.961382114,5.065853659,44.43617886099999
14.578048780999998,4.032520325,23.186178861000002
4.305826558,1.482520325,17.952845527999997
10.566666666,1.8666666660000002,19.566666666
10.507433216999999,5.463414634,23.882810684000003
5.863240418999999,1.0650406499999998,9.131881532
75.13115935599998,22.829049405,172.67479227499996
