negative,neutral,positive
27.156024309999992,4.576425936000001,29.821773695999994
27.156024309999992,4.576425936000001,29.821773695999994
