negative,neutral,positive
28.10609755799999,5.848373983,33.43902439
22.15118349599999,2.145949167,30.962573355999996
26.862565609999994,2.8451361590000004,32.015418884
34.88548199499999,4.262601626,51.935656214999995
32.19362259799999,4.949083892000001,54.75662424799999
144.19895125699998,20.051144827,203.10929709299995
