negative,neutral,positive
62.21833064400002,7.8222695820000006,89.77621449599994
62.21833064400002,7.8222695820000006,89.77621449599994
