negative,neutral,positive
23.251114534,6.381149677,73.293799694
26.284447866999997,6.581149677,74.060466361
49.119298130000004,5.021455975,55.054201963999986
12.529403791999998,2.7562330610000005,38.050406504
14.840514902999997,9.089566393999998,41.40596206
126.02477922599999,29.829554783999995,281.86483658299994
