negative,neutral,positive
31.380952378999996,8.083333327999997,23.869047611999992
34.465621368,5.4983739840000005,33.37950058
65.846573747,13.581707311999997,57.24854819199999
