negative,neutral,positive
53.04062977599998,17.644671615999993,55.414033412999984
53.04062977599998,17.644671615999993,55.414033412999984
