negative,neutral,positive
16.983170272,4.115528192000001,57.337291086
29.806205503999994,3.801978055,63.329161004999996
46.78937577599999,7.917506247000001,120.666452091
