negative,neutral,positive
8.00609756,5.731707318,17.522357722
39.392297255999985,10.624655177,35.6015768
44.507270152999986,8.586085683,113.48438748799997
39.49341241799999,5.661621845999999,60.42170209499999
131.39907738699998,30.604070024,227.03002410499997
