negative,neutral,positive
9.86549927,3.4744423570000005,26.454409007
9.86549927,3.4744423570000005,26.454409007
