negative,neutral,positive
41.91111447599998,15.990049972999998,87.66647551499996
74.627320408,9.121440212000001,131.97440894899992
116.53843488399998,25.111490185,219.6408844639999
