negative,neutral,positive
30.456147429999998,1.2838983050000001,21.173392522
31.064705618999998,3.8784106130000002,57.29012328899999
38.043060598,6.232140217000001,58.567129615999995
23.58546264,5.08567557,49.32791327699999
22.520634915999995,6.598412699000001,76.02261904499998
23.232828279999996,6.7737373750000005,14.703030302
57.87399128799999,11.123966292000002,83.72440856799999
226.776830771,40.976241071000004,360.80861661899996
