negative,neutral,positive
35.539197507999994,7.390996251,58.105181256999984
35.539197507999994,7.390996251,58.105181256999984
