negative,neutral,positive
13.705343463000002,2.891699069,27.557193355000003
27.615833944999995,4.967924541,49.035398063
31.400029452999995,6.437109698,57.430019443000006
72.72120686099998,14.296733308,134.02261086100003
