negative,neutral,positive
15.996098102000003,3.3946488290000008,26.568450387
11.195238093,4.450000001,26.388095238000002
30.270116013999996,5.8234623380000015,60.64084941199999
32.123770484999994,2.8965947910000005,67.552896089
57.962352952,10.932039998999997,101.85346190099999
35.633395128000004,6.392702282000001,80.86342356399999
183.180970774,33.88944824,363.867176591
