negative,neutral,positive
11.680971737,1.9467673239999996,18.56329849
10.11111111,4.177777778,24.433333333
62.180145735,3.461816098,60.58168173199999
41.757471931,5.679965153000001,51.258614013
20.263725825999995,8.615131367000002,52.939672040000005
45.782215810000004,2.004411126,62.25226919499998
43.997636199,2.964144257,46.544825286000005
235.773278348,28.850013103000002,316.57369408899996
