negative,neutral,positive
13.301064651999999,3.686488579,40.698083625
22.165060783999994,6.014957266000001,25.914556453999996
35.46612543599999,9.701445845,66.612640079
