negative,neutral,positive
5.23398896,2.904761904,16.746342302000002
10.958592133,2.45,15.214596272000001
16.192581093,5.354761904,31.960938574000004
