negative,neutral,positive
30.86340014299999,8.114002086,92.13081275799999
10.535218441,3.4912311250000005,34.87473867600001
41.39861858399999,11.605233211,127.005551434
