negative,neutral,positive
32.123770484999994,2.8965947910000005,67.552896089
57.962352952,10.932039998999997,101.85346190099999
39.633395128,6.392702282000001,80.86342356399999
129.719518565,20.221337071999997,250.269781554
