negative,neutral,positive
5.717479674000001,2.014227642,11.658536585
5.717479674000001,2.014227642,11.658536585
