negative,neutral,positive
25.376488281,17.126151763,50.654103753
34.473873680000004,7.290843675000001,37.761018532
59.850361961000004,24.416995438,88.415122285
