negative,neutral,positive
17.543976348999998,3.189283075,33.102660752999995
17.543976348999998,3.189283075,33.102660752999995
