negative,neutral,positive
19.123683700999997,1.47696477,36.084988384
1.1426553670000001,2.200564972,13.439265536
6.364907046,2.2765635580000003,24.894284976999998
26.631246113999996,5.9540933,74.41853889699999
