negative,neutral,positive
11.423809524000001,0.916666667,23.019523807999995
35.240727551999996,5.961903970000001,51.024856811999996
46.664537075999995,6.878570637000001,74.04438062
