negative,neutral,positive
10.084146342,3.630894309,13.008536584000002
9.977777775999998,2.5111111110000004,18.233333333000004
10.056620209,3.182520325,20.890940766
99.36593661900001,9.976823383999998,85.88215857100002
129.48448094600002,19.301349129,138.01496925400002
