negative,neutral,positive
24.947011252999992,4.041811168000001,34.410761023999996
44.198423747999996,5.681571098,87.91657714600001
22.289887701999998,5.294885389999999,34.126095112
91.43532270299998,15.018267656,156.453433282
