negative,neutral,positive
30.785085170999995,2.3014905139999997,37.84160859399999
16.823222847999997,3.4234938489999998,26.932728787000002
7.440476191,1.5,12.059523809000002
10.440476190999998,2.166666667,22.392857142
16.439159891,1.47696477,31.769512193999997
22.391666665,6.066666667000001,20.291666667999998
104.320086957,16.935282467,151.28789719399998
