negative,neutral,positive
14.661924117999998,7.708672087,47.741869918
25.040011614999997,6.608536584,58.48559813999999
22.786927840999994,4.906188391000001,41.595678844999995
14.428571428,0.9619047629999999,19.466666667000002
37.799103605999996,3.6170054190000007,82.66110068599998
114.71653860799998,23.802307244,249.95091425599998
