negative,neutral,positive
26.137446762999993,2.951151762999999,32.560452962
21.199897253999993,1.6458515740000002,24.245349773
22.800458619999997,3.086230976000001,34.18814884
15.027152386,2.061705232,22.410100060999998
7.598561601,2.5196998129999995,15.93489681
12.250542004999998,2.159485095,30.605691055999994
18.564305071999993,5.808672086,36.10615563099999
123.57836370099997,20.232796539,196.05079513299995
