negative,neutral,positive
9.583875338,11.409485094999997,26.155691056
17.551626017,1.5617886169999995,25.333739836
17.702798666,4.246449456000001,23.516081866
101.601858304,4.103948895,41.18617886
127.63208626200002,6.298938956000001,40.111623257999995
274.072244587,27.620611019000002,156.303314876
