negative,neutral,positive
20.188958115,4.698958313,37.808777729999996
20.188958115,4.698958313,37.808777729999996
