negative,neutral,positive
20.026068370999997,2.826068377,22.348717951
20.026068370999997,2.826068377,22.348717951
