negative,neutral,positive
9.811653114999999,6.176151761,32.161246612
9.811653114999999,6.176151761,32.161246612
