negative,neutral,positive
8.778571429000001,2.2,12.921428571000002
8.778571429000001,2.2,12.921428571000002
