negative,neutral,positive
6.621832552000001,5.465040650000001,13.629811137000003
8.079384437,4.264227642000001,19.713298488
7.275694632,3.698373984,18.593786294
35.404659163000005,12.068073798,52.340587864
57.381570784000004,25.495716074,104.27748378300001
