negative,neutral,positive
56.191452989999995,10.359401708999998,78.965384614
9.980185532,3.67696477,25.002845527999995
5.339709342,3.843631437,22.476655050999998
71.511347864,17.879997915999997,126.44488519299999
