negative,neutral,positive
17.535191638,1.232520326,21.162369337
17.451091454,2.759485095,35.117962119
34.986283092,3.992005421,56.280331456
