negative,neutral,positive
45.797057349,7.347197802999999,69.59368396799998
7.600813008,1.630894309,27.958536584999997
32.44956595199999,2.712334245,72.063132656
18.990367620999997,2.4759985870000003,15.576758571000003
104.83780392999998,14.166424944,185.19211177999998
