negative,neutral,positive
56.928643315999985,11.109235132,108.886096904
56.928643315999985,11.109235132,108.886096904
