negative,neutral,positive
20.637567678999996,2.4570505200000006,29.727802824999994
48.636670712000004,9.920146590999998,104.72730439999998
29.677552934999998,5.584740462000001,43.307437682
31.113443874999998,6.170990391000001,51.934725434
130.06523520099998,24.132927964,229.69727034099998
