negative,neutral,positive
11.608783764,1.6856755709999998,39.803310102999994
11.608783764,1.6856755709999998,39.803310102999994
