negative,neutral,positive
16.427526131999997,2.098373984,36.734262485
9.4399729,3.907859078,37.561382113
25.867499031999998,6.006233062,74.295644598
