negative,neutral,positive
25.407066916999995,3.351662496,30.125270999999994
20.926881384,1.7753387520000001,22.849989576
24.48243694,1.5753387520000004,24.294434018999997
23.637992494999995,1.8864498630000002,25.449989574999996
21.324900980000002,2.9466645810000003,21.240306438999998
22.566567646000003,2.1466645810000005,22.956973105999996
138.345846362,13.682119025000002,146.91696371499998
