negative,neutral,positive
12.667288349000001,0.44983298699999996,26.568515519000005
22.477876811999998,2.625210455,40.045964221999995
35.145165161,3.075043442,66.614479741
