negative,neutral,positive
23.355663497999995,6.2115405809999995,24.792517566
19.300107941999993,4.655985025,18.084184232
42.65577143999999,10.867525606,42.876701798
