negative,neutral,positive
17.265759824999996,3.785179498,49.923246518999996
11.018110266,3.754359008000001,62.569637195
28.283870090999997,7.539538506000001,112.49288371399999
