negative,neutral,positive
5.45609756,2.898373985,17.405691056000002
14.726950609999996,8.012270204,43.708889404999994
12.143976349,6.055949742,25.669327419999995
22.65691056799999,8.001490515,58.903116528999995
13.931912099,2.200378996,46.204312607999995
25.411988762999993,3.4713417700000004,39.51005565
23.817857145000005,6.966666667,31.340476188999997
18.584220249999994,7.274106924000002,36.07244395
16.245799456999997,8.590379404,31.536449864
152.975712801,53.470958206999995,330.350762671
