negative,neutral,positive
30.963194609999988,5.7769679179999995,94.14939772799998
30.963194609999988,5.7769679179999995,94.14939772799998
