negative,neutral,positive
8.309523809,0.0,12.690476191
12.815621370999999,0.31504065000000003,15.796167247000001
15.652922958,0.626151761,24.536643437
11.289682539,0.311111111,23.621428571
13.16773132,0.343631436,26.840940766
13.16773132,0.343631436,26.840940766
11.453445605,0.343631436,23.555226481000002
85.856658922,2.2831978299999998,153.881823459
