negative,neutral,positive
12.529403791999998,2.7562330610000005,38.050406504
14.840514902999997,9.089566393999998,41.40596206
27.369918694999996,11.845799454999998,79.456368564
