negative,neutral,positive
16.535609275,5.0462350439999994,65.440219249
13.921944504999997,2.845603537,47.110049358
18.577707243999996,4.817210772999999,66.02788864399999
49.03526102399999,12.709049354,178.578157251
