negative,neutral,positive
3.153846154,0.0,6.769230769
16.527579738,4.317260785999999,35.45112570199999
19.681425892,4.317260785999999,42.22035647099999
