negative,neutral,positive
8.62222222,1.4222222219999998,14.4
8.62222222,1.4222222219999998,14.4
