negative,neutral,positive
8.257975223999999,1.3895663949999997,37.402787454
8.951755562999999,0.7839274540000001,36.255338156
3.8341463420000004,0.43089430900000003,17.458536585
9.583421919000001,1.9306462719999995,34.02969526799999
30.627299047999998,4.53503443,125.14635746299999
