negative,neutral,positive
6.560657475,1.6962884409999999,14.909367267
17.044079177,7.124284198,35.42442558799999
15.911258392000002,4.613326262000001,34.408430538
1.187878788,0.9575757579999999,6.596969697
40.703873832,14.391474659,91.33919309
