negative,neutral,positive
13.021325829,2.45140713,22.507254531999997
12.822764227999999,2.431707318,22.839024389000002
14.367479675000002,2.43089431,34.558536583999995
21.412195121999993,3.7967479680000005,28.444715444999996
61.623764853999994,11.110756726,108.34953094999999
