negative,neutral,positive
25.52239048399999,2.6911924110000003,36.852041451
32.32471856299999,2.822568306,41.142870464
57.84710904699998,5.513760717,77.99491191499999
