ratio,portion
0.5539638014051872,0.045214719632428624
