ratio,portion
0.3845043109262653,-0.2745201680636504
