ratio,portion
0.5595600163792827,0.055773615809967314
