ratio,portion
0.6018451253344872,0.13555684025374948
