ratio,portion
0.5268864168657058,-0.005874685159045656
