ratio,portion
0.4572434326072767,-0.1372765422504214
