ratio,portion
0.4775654736977647,-0.09893306849478367
