ratio,portion
0.579285227906512,0.09299099605002259
