ratio,portion
0.592368722328718,0.11767683458248657
