ratio,portion
0.41907181135565275,-0.20929846914027783
