ratio,portion
0.5271814061353463,-0.005318101631422212
