ratio,portion
0.6014289316282808,0.1347715691099638
