ratio,portion
0.5999472484773516,0.13197594052330475
