ratio,portion
0.6744905826353345,0.27262374082138563
