ratio,portion
0.5086738955646345,-0.04023793289691613
