ratio,portion
0.7093333333178311,0.33836477984496427
