ratio,portion
0.5973618278156693,0.12709778833145147
