ratio,portion
0.5659962376772578,0.06791742957973157
