ratio,portion
0.6425232855873282,0.21230808601382667
