ratio,portion
0.5915565634983152,0.11614445943078344
