ratio,portion
0.6622396638675636,0.24950879975011997
