ratio,portion
0.556180104889009,0.04939642431888491
