ratio,portion
0.4615468958206484,-0.12915680033839927
