ratio,portion
0.7326074264709489,0.38227816315273366
