ratio,portion
0.48909300735696987,-0.07718300498684938
