ratio,portion
0.534025722468201,0.0075957027701905044
