ratio,portion
0.580799559248303,0.09584822499679801
