ratio,portion
0.5428375599757171,0.024221811274937943
