ratio,portion
0.48053699105831066,-0.09332643196545165
