ratio,portion
0.49844537229688524,-0.05953703340210337
