ratio,portion
0.5898875398908452,0.11299535828461349
