ratio,portion
0.6206076099737481,0.17095775466744922
