ratio,portion
0.5479722069341707,0.03390982440409562
