ratio,portion
0.5893715819105512,0.11202185266141718
