ratio,portion
0.5894876606029547,0.11224086906217856
