ratio,portion
0.5835086474817163,0.10095971222965328
