ratio,portion
0.5615478404195015,0.05952422720660655
