ratio,portion
0.6228581396442726,0.17520403706466525
