ratio,portion
0.5123534730097363,-0.033295333943893723
