ratio,portion
0.5666440047073439,0.06913963152329039
