ratio,portion
0.6147988058284528,0.15999774684613732
