ratio,portion
0.4889603068036539,-0.07743338338933237
