ratio,portion
0.4497748935338106,-0.15136812540790456
