ratio,portion
0.6036658682228042,0.13899220419397018
