ratio,portion
0.6229695085857214,0.17541416714287061
