ratio,portion
0.5607110196986692,0.05794532018616816
