ratio,portion
0.5841995377718452,0.10226327881480213
