ratio,portion
0.5831693708663053,0.10031956767227412
