ratio,portion
0.7572141681582713,0.4287059776571156
