ratio,portion
0.695244461330264,0.31178200250993204
