ratio,portion
0.6432024815847094,0.21358958789567795
