ratio,portion
0.5992063103834077,0.13057794411963708
