ratio,portion
0.5609541911889089,0.058404134318695844
