ratio,portion
0.5498343462533603,0.03742329481766071
