ratio,portion
0.6374703050498972,0.2027741604715041
