ratio,portion
0.7056755499277294,0.3314633017504327
