ratio,portion
0.5072935013831099,-0.042842450220547335
