ratio,portion
0.5943365361490144,0.12138969084719697
