ratio,portion
0.5348935693820053,0.009233149777368332
