ratio,portion
0.6113660184831404,0.15352078959083104
