ratio,portion
0.6802213366979325,0.28343648433572155
