ratio,portion
0.4622638279477905,-0.12780409821171612
