ratio,portion
0.5801857495438775,0.09469009347901403
