ratio,portion
0.6293329182014362,0.18742060038006825
