ratio,portion
0.653144461821064,0.23234804117181884
