ratio,portion
0.7238792809277869,0.3658099640146921
