ratio,portion
0.5648317975235664,0.0657203726859743
