ratio,portion
0.8097698589218587,0.5278676583431297
