ratio,portion
0.6086785350127843,0.1484500660618573
