ratio,portion
0.7625446757081318,0.43876353907194665
