ratio,portion
0.31829116929373197,-0.3994506239740907
