ratio,portion
0.6169541086464054,0.16406435593661395
