ratio,portion
0.6181315699873089,0.16628598110812987
