ratio,portion
0.537532114611704,0.014211537003215202
