ratio,portion
0.6720159473457356,0.2679546176334633
