ratio,portion
0.7069092604085605,0.3337910573746423
