ratio,portion
0.6789493423991098,0.2810364950926598
