ratio,portion
0.5374473648978858,0.01405163188280345
