ratio,portion
0.5221230096064209,-0.014862246025621029
