ratio,portion
0.5334886230317349,0.006582307607047033
