ratio,portion
0.49616765467747986,-0.0638346138160758
