ratio,portion
0.5082144621276149,-0.04110478843846255
