ratio,portion
0.5805780449045362,0.09543027340478538
