ratio,portion
0.6025302908345425,0.13684960534819335
