ratio,portion
0.6048342310207899,0.14119666230337713
