ratio,portion
0.5535187248366259,0.044374952521935684
