ratio,portion
0.6471286084855463,0.22099737450103074
