ratio,portion
0.6550599411282991,0.23596215307226243
