ratio,portion
0.6192577674499741,0.168410881981083
