ratio,portion
0.58702221818359,0.10758909091243396
