ratio,portion
0.5906917358954693,0.1145127092367344
