ratio,portion
0.6191875828941497,0.1682784582908483
