ratio,portion
0.5981049378319354,0.12849988270176493
