ratio,portion
0.6476909101625233,0.2220583210613647
