ratio,portion
0.4446716119448848,-0.16099695859455698
