ratio,portion
0.5214105919768378,-0.016206430232381552
