ratio,portion
0.5756598088699304,0.08615058277345344
