ratio,portion
0.5643370735437172,0.0647869312145608
