ratio,portion
0.487326719615954,-0.08051562336612461
