ratio,portion
0.5744834673772473,0.083931070523108
