negative,neutral,positive
44.722822502999996,4.638583774,56.227136275
5.68915989,1.199186991,16.852845527
37.908271965,7.6087782,49.88979638199999
88.320254358,13.446548965,122.96977818399998
