negative,neutral,positive
10.704014414000001,4.607859079,27.071699572
19.665609162999996,3.3102981029999996,48.207917994000006
16.852479988,5.5379088670000005,35.503107079
5.717479674000001,2.014227642,11.658536585
30.942363950999997,9.175185579999999,70.04357925299999
83.88194719,24.645479271,192.484840483
