negative,neutral,positive
17.009431165000002,6.875998585999999,29.624250209000003
15.845257451999998,0.575338753,31.858536584999996
32.854688617,7.451337338999998,61.482786794
