negative,neutral,positive
52.983564579999985,13.997073770999997,74.54984105499999
52.983564579999985,13.997073770999997,74.54984105499999
