negative,neutral,positive
8.878048781,0.865853658,25.886178860999998
11.093399147000001,0.7713898570000001,42.341405343000005
12.193670151,2.3213705000000004,53.789488967
15.638114594,1.003910182,54.027584205000004
13.760065814,1.971389857,58.141405342999995
13.971447927999998,2.003910182,62.360917537999995
75.534746415,8.937824236,296.546980257
