negative,neutral,positive
53.336520233,6.922936053000001,97.229366258
42.786279371999996,6.641629084999999,92.925376874
96.122799605,13.564565137999999,190.154743132
