negative,neutral,positive
14.679672983,8.754589369999998,47.71884057899999
21.938197542999998,3.2565147120000004,26.187907844
36.617870526,12.011104082,73.90674842299998
