negative,neutral,positive
41.38033072699998,5.944954938,74.20579625900002
13.891339066000002,6.06641863,38.85480947900001
5.020704146,2.0664186300000003,14.325444399
60.29237393899998,14.077792198000001,127.38605013700004
