negative,neutral,positive
2.333333333,5.0,8.5
26.478965153999994,7.9669692670000005,43.267177606999994
28.812298486999993,12.966969267,51.767177606999994
