negative,neutral,positive
7.251482364999999,0.667858671,17.453848034
7.251482364999999,0.667858671,17.453848034
