negative,neutral,positive
15.257997422999997,2.328766083,43.13700323799999
15.257997422999997,2.328766083,43.13700323799999
