negative,neutral,positive
34.03543043199999,7.988902182999999,64.03720042999998
34.03543043199999,7.988902182999999,64.03720042999998
