negative,neutral,positive
16.699999999,0.5,29.300000000999997
13.185076684000002,2.6796098649999998,33.651073569
12.059322033,1.5338983039999998,13.355932202
41.944398716,4.713508169,76.307005772
