negative,neutral,positive
14.841025639,0.666666666,28.338461539000004
9.332086261,5.848938955,10.36162326
24.173111900000002,6.515605621000001,38.700084799
