negative,neutral,positive
10.315734991,3.666666667,17.474120081000002
13.815750916,2.353846154,21.586813186
24.131485907,6.0205128210000005,39.060933267
