negative,neutral,positive
54.136698941999995,16.238049902000004,79.14114014599997
54.136698941999995,16.238049902000004,79.14114014599997
