negative,neutral,positive
15.042098975000005,5.218671680000001,63.579884494
15.042098975000005,5.218671680000001,63.579884494
