negative,neutral,positive
18.833670747999996,4.291741379,24.366586328
18.833670747999996,4.291741379,24.366586328
