negative,neutral,positive
17.469384981,4.702810181000001,33.345288592
17.469384981,4.702810181000001,33.345288592
