negative,neutral,positive
32.775137584999996,4.096851237000001,56.762252913999994
32.775137584999996,4.096851237000001,56.762252913999994
