negative,neutral,positive
26.548588404000004,6.315040651,53.83243098199999
26.548588404000004,6.315040651,53.83243098199999
