negative,neutral,positive
8.095383275,0.9317073170000001,12.774738676
8.095383275,0.9317073170000001,12.774738676
