negative,neutral,positive
27.127233243000003,3.1165610650000004,44.869731329
27.949643433000002,4.387780782,37.723991981999994
29.489452645999993,3.9211069400000005,49.868962936
42.17799370799998,8.769236653,73.995029945
126.74432302999998,20.19468544,206.457716192
