negative,neutral,positive
27.50746002,8.881527144,61.385350961
44.27513064099999,7.789775110999999,70.521861328
71.78259066099999,16.671302255,131.907212289
