negative,neutral,positive
15.514957263000001,3.194444444,33.435897435
39.121867831999985,4.15704607,49.816791744
54.636825094999985,7.351490514,83.252689179
