negative,neutral,positive
43.360509601999986,4.956188761999998,51.596148198999984
36.929196468,3.1985634820000004,34.95237116799999
26.280555554,2.261111112,20.64722222
106.570261624,10.415863356,107.19574158699999
