negative,neutral,positive
30.13007907,9.847125434000002,49.60268917799999
13.105456536,3.260553471,18.656973107
41.75032894400001,9.07255395,53.881391363999995
84.98586455,22.180232855,122.14105364899999
