negative,neutral,positive
45.261653114000005,10.203929539999999,65.239024387
29.734368529999994,5.283333333,37.675051756
74.996021644,15.487262872999999,102.914076143
