negative,neutral,positive
39.462935750999996,5.7900375429999995,46.21963204299999
20.522691998000003,3.7710777929999995,33.661793008
59.985627749,9.561115335999999,79.88142505099998
