negative,neutral,positive
61.86720733300001,8.082798287000001,50.597887142
10.911068321,1.827154267,16.699049451
3.5,0.0,4.5
76.27827565400001,9.909952554,71.796936593
