negative,neutral,positive
44.307698582,9.82063492,58.51236516799999
44.307698582,9.82063492,58.51236516799999
