negative,neutral,positive
46.86089371199999,7.2269647699999995,71.123419394
46.86089371199999,7.2269647699999995,71.123419394
