negative,neutral,positive
36.26568363000002,4.318861177,59.85114017199999
25.948561597999994,3.532520325,35.905409631999994
11.485347987,4.583333333000001,25.16208791
21.329312206999997,5.899751963000001,40.356579927000006
45.455266376,6.279075894999999,62.49784074699998
8.035595618,0.09756097500000001,7.4136090480000005
148.519767416,24.711103668,231.18666743599996
