negative,neutral,positive
30.14671789499999,8.714957265000002,60.389504695999996
30.14671789499999,8.714957265000002,60.389504695999996
