negative,neutral,positive
31.632643600999995,3.554972288,33.571015953
31.632643600999995,3.554972288,33.571015953
