negative,neutral,positive
29.615829248999994,5.621153210000002,25.135247006
14.278571429,3.616666667,18.604761904
43.894400678,9.237819877000002,43.74000891
