negative,neutral,positive
74.18993482000002,8.483355459000002,58.89588709999997
23.608246227999995,3.0026422750000012,40.00801393399999
11.635595617999998,0.43089430800000006,22.113609048
109.43377666600001,11.916892042000004,121.01751008199996
