negative,neutral,positive
22.783353411,11.751385310999996,37.66519833199998
48.52822956599998,9.025122404000001,65.338001688
71.31158297699997,20.776507714999997,103.00320001999998
