negative,neutral,positive
47.477830888999996,5.416519906999999,62.658495245999966
47.477830888999996,5.416519906999999,62.658495245999966
