negative,neutral,positive
23.593799694999998,3.586366479,43.039658712999994
19.31481924,4.7871794869999995,39.777599933999994
42.90861893499999,8.373545966,82.81725864699999
