negative,neutral,positive
29.890254717999994,5.997641349999999,48.951499231
18.516937666999997,3.254742548,32.636178859999994
48.40719238499999,9.252383898,81.58767809099999
