negative,neutral,positive
8.833333332999999,0.333333333,4.833333333
7.516666669999998,2.566666667,20.08333333
37.13912117099999,3.8277730260000005,44.08697908399999
53.48912117399999,6.727773026,69.003645747
