negative,neutral,positive
4.892655367,1.033898305,3.52259887
8.738766790000001,7.431623931,23.308241755999994
13.631422157000001,8.465522236,26.830840625999993
