negative,neutral,positive
38.40349416099999,5.294672264,60.978303594
8.706349208999999,2.361111111,8.821428567000002
19.288908248000002,6.014227642000001,26.25377467399999
23.588644691,4.391025641,28.599816844999996
89.98739630899999,18.061036658,124.65332368
