negative,neutral,positive
4.86904762,2.5,9.63095238
3.0357142870000002,1.0,10.964285713
3.345238096,4.0,9.654761904
11.250000003,7.5,30.249999997
