negative,neutral,positive
13.655621966999998,3.0758877210000004,25.380407466999998
13.655621966999998,3.0758877210000004,25.380407466999998
