negative,neutral,positive
8.8,0.0,13.033333333
7.8,0.0,12.033333333
16.6,0.0,25.066666666
