negative,neutral,positive
39.35833333600001,6.616666668000001,52.26666666299999
22.94603814,5.134420273,42.856050814
16.727666556000003,2.5402126330000003,27.331544363000006
79.032038032,14.291299574,122.45426183999999
