negative,neutral,positive
22.813142290999995,1.9449934130000002,33.005204215
19.763981195999992,2.5481259460000003,13.617032889000003
8.933333334,2.316666667,12.749999999000002
51.51045682099999,6.809786026,59.372237103
