negative,neutral,positive
72.932288038,6.0483739839999995,67.946167245
25.394843239000004,9.794189744999999,55.27430503499998
98.327131277,15.842563728999998,123.22047227999998
