negative,neutral,positive
25.172678661999996,5.15756398,59.93252857
24.256011995999994,5.15756398,59.015861903
49.428690657999994,10.31512796,118.948390473
