negative,neutral,positive
22.918782640999996,9.245971281000001,29.541505979999997
34.18537335399999,8.652904817,38.06205297199999
57.104155994999985,17.898876098000002,67.60355895199999
