negative,neutral,positive
25.982744895999993,21.596637101,55.356000906999995
25.982744895999993,21.596637101,55.356000906999995
