negative,neutral,positive
38.83392415400001,20.271933544,49.431151842
38.83392415400001,20.271933544,49.431151842
