negative,neutral,positive
21.586071002999997,4.283704489,24.871285496000002
37.00622710399999,13.853846153999998,64.76895604299999
58.59229810699999,18.137550642999997,89.64024153899999
