negative,neutral,positive
20.893478475,9.776563558,17.532380215
28.839953543000004,13.165853659,22.957607432
21.334156441,7.742665252999999,19.176448012
16.811382113999997,8.032520326,17.452845527999997
87.878970573,38.717602795999994,77.119281187
