negative,neutral,positive
25.198816678,5.603929539,30.608382566000003
25.198816678,5.603929539,30.608382566000003
