negative,neutral,positive
42.106620211000006,11.999186991999998,36.35760743099999
42.106620211000006,11.999186991999998,36.35760743099999
