negative,neutral,positive
2.083333333,1.0,1.9166666669999999
3.095238096,0.666666666,32.238095236999996
5.178571429,1.666666666,34.154761904
