negative,neutral,positive
11.225988699999998,2.200564972,8.52259887
11.225988699999998,2.200564972,8.52259887
