ratio,portion
0.625667375395936,0.18050448187912438
