ratio,portion
0.5779420974143757,0.09045678757429387
