ratio,portion
0.4915292993981449,-0.07258622755067012
