ratio,portion
0.5725490196235293,0.08028116910099858
