ratio,portion
0.6315781866821666,0.19165695600408794
