ratio,portion
0.44805001051464144,-0.1546226216704879
