ratio,portion
0.6222089695772131,0.173979187881534
