ratio,portion
0.5489149814811354,0.03568864430402896
