ratio,portion
0.5208227220051292,-0.01731561885824673
