ratio,portion
0.6410450977176014,0.20951905229736112
