ratio,portion
0.6906042837318593,0.3030269504374703
