ratio,portion
0.5657390043622137,0.06743208370228992
