ratio,portion
0.5756178711126902,0.08607145492960422
