ratio,portion
0.6690274536733228,0.26231595032702426
