ratio,portion
0.657969197747973,0.24145131650560936
