ratio,portion
0.668847259798068,0.2619759618831472
