ratio,portion
0.30476190476585036,-0.42497753817764083
