ratio,portion
0.6061452513958053,0.14367028565246276
