ratio,portion
0.6174969797783193,0.1650886410911685
