ratio,portion
0.5644634463159791,0.06502537040750767
