ratio,portion
0.5077318915129287,-0.04201529903220991
