ratio,portion
0.678619329264039,0.2804138288000735
