ratio,portion
0.7028341575270196,0.32610218401324453
