ratio,portion
0.4669614941614572,-0.11894057705385441
