ratio,portion
0.5547901255254662,0.046773821746162625
