ratio,portion
0.5762381801666788,0.08724184937109203
