ratio,portion
0.6655316753591086,0.25572014218699723
