ratio,portion
0.6855069880605773,0.2934094114350514
