ratio,portion
0.5132850963375843,-0.03153755408002956
