ratio,portion
0.6232992640239097,0.17603634721492378
