ratio,portion
0.6085253325631222,0.14816100483607975
