ratio,portion
0.5126516022106332,-0.032732826017673244
