ratio,portion
0.6326621037888885,0.19370208262054445
