ratio,portion
0.5571969363636641,0.05131497427106413
