ratio,portion
0.6353115577023623,0.1987010522686079
