ratio,portion
0.45468654535793146,-0.14210085781522375
