ratio,portion
0.6010637426861442,0.13408253337008325
