ratio,portion
0.5803534977364508,0.09500659950273738
