ratio,portion
0.5661622942997702,0.06823074396183038
