ratio,portion
0.564522455269672,0.06513670805598504
