ratio,portion
0.576220680439699,0.0872088310182999
