ratio,portion
0.7306325514626866,0.3785519838918614
