ratio,portion
0.5180975544099511,-0.022457444509526248
