ratio,portion
0.5032849502289614,-0.05040575428497862
