ratio,portion
0.5179696639577536,-0.02269874724952159
