ratio,portion
0.5570550357541497,0.05104723727198057
