ratio,portion
0.7010745735654565,0.3227822142744463
