ratio,portion
0.45807240418324874,-0.13571244493726653
