ratio,portion
0.5586400471350753,0.05403782478316099
