ratio,portion
0.44631554260448103,-0.15789520263305468
