ratio,portion
0.6771482323780925,0.27763817429828763
