ratio,portion
0.6856470821207896,0.29367373985054646
