ratio,portion
0.53822385936343,0.015516715780056423
