ratio,portion
0.5118679299646778,-0.03421145289683447
