ratio,portion
0.7977032729263229,0.5051005149553263
