ratio,portion
0.6512071126601289,0.2286926653964696
