ratio,portion
0.528485669717561,-0.0028572269479982815
