ratio,portion
0.6889145936495813,0.2998388559426062
