ratio,portion
0.4101022891485167,-0.2262220959461949
