ratio,portion
0.6284072640125149,0.1856740830424808
