ratio,portion
0.5685075843312605,0.0726558194929443
