ratio,portion
0.47599796742765044,-0.10189062749499922
