ratio,portion
0.7016213320361849,0.32381383403053743
