ratio,portion
0.5906405284616975,0.11441609143716502
