ratio,portion
0.6208323555477079,0.17138180292020344
