ratio,portion
0.5929816224763862,0.11883324995544564
