ratio,portion
0.4286019088441021,-0.19131715312433573
