ratio,portion
0.635338463225951,0.19875181740745473
