ratio,portion
0.6473348298390135,0.22138647139436496
