ratio,portion
0.5788245986982822,0.09212188433638135
