ratio,portion
0.6440133326223498,0.21511949551386755
