ratio,portion
0.5556213364784708,0.04834214429900152
