ratio,portion
0.6364503732694132,0.20084976088568518
