ratio,portion
0.6243735578013878,0.17806331660639207
