ratio,portion
0.4860519066549849,-0.08292093083965124
