ratio,portion
0.7237055170806169,0.36548210769927714
