ratio,portion
0.5901186243276347,0.11343136665591458
