ratio,portion
0.6118838292276755,0.154497790995614
