ratio,portion
0.6536003700765515,0.23320824542745555
