ratio,portion
0.5209291331122078,-0.017114843184513617
