ratio,portion
0.6804908407542526,0.2839449825551934
