ratio,portion
0.6589697139879903,0.2433390829962081
