ratio,portion
0.8451830797093932,0.5946850560554588
