ratio,portion
0.5635416000179538,0.06328603776972419
