ratio,portion
0.5859812501461453,0.10562500027574595
