ratio,portion
0.6465869685954712,0.2199754124442852
