ratio,portion
0.5653187063533007,0.06663906859113333
