negative,neutral,positive
6.573189523,3.075372368,14.658834103
14.037878786000002,2.0075757579999998,20.196969698999997
12.023189521000003,6.658705702000001,32.958834104000005
15.023189521000003,4.742039035,29.375500771000002
12.071212119999998,3.6742424249999996,26.496969697999997
34.27762684599999,11.596329144,75.52323760099999
94.006286317,31.754264432,199.21034597599999
