negative,neutral,positive
13.523189521000003,4.742039035,29.875500771000002
13.523189521000003,4.742039035,29.875500771000002
