negative,neutral,positive
15.103600885,0.517665253,26.965336901999997
28.812083119999997,3.787365066,40.054598791
16.103600885000002,0.517665253,26.965336901999997
18.840459151,1.9283751529999997,31.723443016999997
27.547880089999996,3.2846851790000002,46.338277556
28.584547028,3.4494892690000003,43.552990556
19.173792484000003,2.5950418199999996,38.723443017
23.006530708,2.192733979,44.764094311
177.172494351,18.273020972,299.087521052
