negative,neutral,positive
18.116666664999997,3.5000000019999997,35.383333332999996
35.76964664399999,9.640605625000001,92.255584613
19.438549085,4.3255649730000005,43.18322689
27.76964664499999,6.390605624000001,76.172251281
101.09450903899997,23.856776224,246.994396117
