negative,neutral,positive
26.708333331999995,1.6666666669999999,17.700000001
26.708333331999995,1.6666666669999999,17.700000001
