negative,neutral,positive
13.563789868,6.315040652000001,31.555691055999997
7.389159889999999,3.976964771,24.319512193999998
4.344444443,3.1111111119999997,19.766666666
25.297394201,13.403116535,75.64186991599999
