ratio,portion
0.6872052787123796,0.29661373341958397
