ratio,portion
0.6121065658357542,0.1549180487467059
