ratio,portion
0.5529278404719369,0.043260076362144906
