ratio,portion
0.6815044418561877,0.2858574374645051
