ratio,portion
0.501463001491361,-0.05384339341252642
