ratio,portion
0.5835766371018869,0.10108799453186212
