ratio,portion
0.5479787278544462,0.033922128027257026
