ratio,portion
0.6005459628560543,0.13310559029444202
