ratio,portion
0.5833333333333334,0.10062893081761004
