ratio,portion
0.5689176082484911,0.07342944952545483
