ratio,portion
0.6670203700546613,0.2585290001031344
