ratio,portion
0.5912219818015592,0.11551317321048882
