ratio,portion
0.5594063741442342,0.055483724800441836
