ratio,portion
0.5158511031259468,-0.026696031837836198
