ratio,portion
0.19047619038095245,-0.6406109615453728
