ratio,portion
0.6511627906976745,0.22860903905221597
