ratio,portion
0.5128690318753092,-0.03232258136734123
