ratio,portion
0.7064405064752031,0.33290661599094906
