ratio,portion
0.5715107689823933,0.07832220562715708
