ratio,portion
0.5973327430546466,0.12704291142386137
