ratio,portion
0.698444408678316,0.31781963901569066
