ratio,portion
0.7289156625783132,0.3753125709024776
