ratio,portion
0.6441853960000081,0.21544414339624174
