ratio,portion
0.5645064130313758,0.06510643968184104
