ratio,portion
0.5162850454589784,-0.025877272718908828
