ratio,portion
0.5999321578922809,0.13194746772128463
