ratio,portion
0.3011294151255468,-0.4318312922159494
