ratio,portion
0.7026021819463616,0.3256644942384179
