ratio,portion
0.44422892620487464,-0.16183221470778375
