ratio,portion
0.3898510493281957,-0.26443198239963084
