ratio,portion
0.6021546160704161,0.13614078503852078
