ratio,portion
0.5083999209917419,-0.04075486605331724
