ratio,portion
0.6108559222683629,0.1525583439025715
