ratio,portion
0.5940135357572776,0.12078025614580667
