ratio,portion
0.5209833200294582,-0.017012603718003394
