ratio,portion
0.5792832146451877,0.09298719744375039
