ratio,portion
0.6108583166041188,0.15256286151720522
