ratio,portion
0.610901657531682,0.15264463685223006
