ratio,portion
0.3396117653198724,-0.35922308430212757
