ratio,portion
0.520880529571907,-0.01720654797753396
