ratio,portion
0.5482521939005793,0.034438101699206136
