ratio,portion
0.5861354981891457,0.10591603431914276
