ratio,portion
0.49911911446242496,-0.05826582176900952
