ratio,portion
0.5862867901675156,0.10620149088210495
