ratio,portion
0.4495190418126133,-0.15185086450450325
