ratio,portion
0.6587129097029809,0.24285454660939787
