ratio,portion
0.6503714600018399,0.22711596226762243
