ratio,portion
0.6262957866671445,0.181690163522914
