ratio,portion
0.6540629135212529,0.23408096890802432
