ratio,portion
0.6525503126721849,0.2312270050418581
