ratio,portion
0.6037637424232907,0.1391768724967748
