ratio,portion
0.5776481247868998,0.08990212223943339
