ratio,portion
0.6885889382406558,0.2992244117748222
