ratio,portion
0.5459735590415553,0.030138790644443914
