ratio,portion
0.46494895356228805,-0.12273782346738105
