ratio,portion
0.5452448522148984,0.02876387210358189
