ratio,portion
0.511954524608315,-0.034048066776764085
