ratio,portion
0.53545088960135,0.010284697361037765
