ratio,portion
0.6196172048468317,0.16908906574873894
