ratio,portion
0.5720305719851396,0.07930296600969733
