ratio,portion
0.5715860316496507,0.0784642106597182
