ratio,portion
0.5827142289764408,0.09946080938951085
