ratio,portion
0.520144788467227,-0.018594738741081196
