ratio,portion
0.6501790226875357,0.2267528729953503
