ratio,portion
0.602820981210451,0.1373980777555679
