ratio,portion
0.6015999999936257,0.13509433961061434
