ratio,portion
0.5175163748186733,-0.023554009776088125
