ratio,portion
0.6059525362892673,0.14330667224390048
