ratio,portion
0.5912956737657448,0.11565221465234865
