ratio,portion
0.6629717439209575,0.25089008286973113
