ratio,portion
0.6134648486741687,0.15748084655503525
