ratio,portion
0.5561805693298673,0.049397300622390894
