ratio,portion
0.43594196044649125,-0.17746799915756373
