ratio,portion
0.5566471069817021,0.05027756034283404
