negative,neutral,positive
9.333333332999999,0.0,3.25
92.210363616,11.118553455999999,105.86461510399998
101.543696949,11.118553455999999,109.11461510399998
