negative,neutral,positive
37.412417312,2.999186993,26.211230619
6.273809523999999,2.0,12.059523809
43.686226836,4.999186993,38.270754428
