negative,neutral,positive
7.8341463419999995,4.664227642,30.891869918
7.8341463419999995,4.664227642,30.891869918
