negative,neutral,positive
27.767672972999993,4.314929785,49.605438056
32.47977224100001,5.145038565999999,41.16734642699998
60.24744521400001,9.459968351,90.77278448299998
