negative,neutral,positive
32.141915370999996,2.5983739830000006,49.102481938999986
25.914430892999995,2.765040651,50.422357724
58.05634626399999,5.363414634000001,99.524839663
