negative,neutral,positive
55.00200127899999,9.42680073,74.26795319299998
37.504388159,1.079997915,26.321075671
92.50638943799999,10.506798645,100.58902886399999
