negative,neutral,positive
10.3234127,2.5611111109999998,23.022222222
20.385932412999992,10.641673998,42.382563432
30.70934511299999,13.202785109,65.404785654
