negative,neutral,positive
30.456147429999998,1.2838983050000001,21.173392522
30.456147429999998,1.2838983050000001,21.173392522
