negative,neutral,positive
26.002192983999997,2.151002506,14.105263157
11.575396824,2.0,22.327380952
9.932539683,2.1444444440000003,18.942857142
47.510129491,6.2954469500000005,55.375501250999996
