negative,neutral,positive
59.520538554999995,3.091852245,44.645960206999995
59.520538554999995,3.091852245,44.645960206999995
