negative,neutral,positive
4.798136647,0.166666667,5.114906831000001
5.298136647,0.166666667,5.114906831000001
10.096273294,0.333333334,10.229813662000002
