negative,neutral,positive
20.589430892,5.815040652,18.689024387999996
19.972493225,1.8658536589999997,25.708401083
31.770704142999993,7.833085302,21.308777730999996
72.33262825999999,15.513979613,65.70620320199998
