negative,neutral,positive
19.601449273999997,0.416666667,25.938405798
14.383944566,2.6314592809999997,49.32399259599999
33.98539384,3.0481259479999996,75.26239839399999
