negative,neutral,positive
17.058818743000003,1.6179478599999997,32.481600029999996
15.622562451000002,0.7989389550000001,41.954480404
7.494444443000001,1.477777778,20.716666666000002
9.733333333000001,1.366666667,21.899999999
49.90915897000001,5.26133126,117.052747099
