negative,neutral,positive
11.057955865999999,3.297560975,60.368060394
11.057955865999999,3.297560975,60.368060394
