negative,neutral,positive
5.355826558,1.3102981029999998,11.686178861
2.8633540379999998,0.25,3.8431677010000005
2.934782609,0.0,2.0217391300000003
27.25741253299999,9.628033144999996,49.364089353999994
38.41137573799999,11.188331247999995,66.915175046
