negative,neutral,positive
35.367129629,6.396432906,59.11335992599998
35.367129629,6.396432906,59.11335992599998
