negative,neutral,positive
18.542597016,1.598290599,13.960933268000002
11.909943712,4.087934423,25.643694723000007
30.452540728,5.686225022,39.60462799100001
