negative,neutral,positive
65.006467597,4.741025398,69.889024617
65.006467597,4.741025398,69.889024617
