negative,neutral,positive
13.481097561000002,3.7483739849999993,17.239024389
28.896321072000003,2.594871795,28.98455964
27.184943714999996,3.018886804,21.021075671000002
69.562362348,9.362132584,67.2446597
