negative,neutral,positive
22.668215879,1.853274156,45.327362138
17.009431165000002,6.875998585999999,29.624250209000003
15.845257451999998,0.575338753,31.858536584999996
55.522904496,9.304611495,106.810148932
