negative,neutral,positive
17.668215879,1.103274156,41.077362138
27.837932019999997,5.196149093,42.661449544999996
27.837932019999997,5.196149093,44.661449544999996
73.344079919,11.495572341999999,128.40026122799998
