negative,neutral,positive
34.989629215,5.981818182,50.30296630599999
40.74939077800003,9.165124648999997,57.85166211799998
25.573173599999997,4.883222468,39.446247238999995
101.31219359300002,20.030165298999997,147.60087566299995
