negative,neutral,positive
36.39380137199999,7.629292930000001,39.504134506999996
36.155706134999996,7.629292930000001,40.742229744
3.944242669,1.645009416,11.248789345
27.244297222,6.198994389000001,49.211699808
103.73804739799999,23.102589665000004,140.706853404
