negative,neutral,positive
1.0,0.0,2.0
1.5,0.0,1.5
49.411197653,10.451218833999997,101.43322412499998
51.911197653,10.451218833999997,104.93322412499998
