negative,neutral,positive
43.728977171999986,6.352649606000001,92.23996686599999
25.01517166999999,5.739792614,60.474175745999986
23.438996829999994,6.9115405810000015,67.92585090099998
22.217262275999992,3.465551386,52.48537478700001
28.431771219,3.962601625000001,34.532009130999995
14.424496708,2.991192411,24.401858303999997
157.25667587499996,29.423328223000006,332.05923573499996
