negative,neutral,positive
4.5119047629999995,0.583333334,12.238095237
4.5119047629999995,0.583333334,12.238095237
