negative,neutral,positive
33.87994579699999,6.7085753010000015,63.254907081999995
33.87994579699999,6.7085753010000015,63.254907081999995
