negative,neutral,positive
23.210023024999995,0.308861584,46.878550032999996
23.210023024999995,0.308861584,46.878550032999996
