negative,neutral,positive
47.82859078700001,2.3475609750000004,44.54742547199999
31.856944516999985,3.7866559350000006,59.667865314
38.487370815,3.683085297,20.40877773
118.172906119,9.817302207000001,124.624068516
