negative,neutral,positive
1.0,0.0,2.0
6.833333333,0.527777778,10.055555555
7.833333333,0.527777778,12.055555555
