negative,neutral,positive
53.5479728,12.885844920999997,73.32554969999998
53.5479728,12.885844920999997,73.32554969999998
