negative,neutral,positive
7.50387561,2.8409558510000004,14.387070722
7.183362789,2.553776364,11.571686107000001
14.687238399,5.394732215,25.958756829000002
