negative,neutral,positive
1.559322034,0.20056497199999998,1.189265536
1.559322034,0.20056497199999998,1.189265536
