negative,neutral,positive
35.036746249000004,7.154778869999998,47.438854027
83.12015932599999,19.464815325,83.65566878899999
118.156905575,26.619594194999998,131.094522816
