negative,neutral,positive
6.37422943,0.779326365,16.529683729000002
6.37422943,0.779326365,16.529683729000002
