negative,neutral,positive
11.135592185,2.4855921860000003,28.379670327
12.748257418999998,2.588888889,16.308385089000005
23.308446616999994,9.607374481,36.60824692099999
13.642090295,2.2846570770000003,19.271709995
25.461268694999998,3.1002956110000004,34.616697679
86.295655211,20.066808244,135.184710011
