negative,neutral,positive
16.091567646,3.996664584,21.573639773
23.542655365999998,3.533898305,20.37259887
8.065419594,2.682272289,25.294956592000002
47.699642606,10.212835178,67.241195235
