negative,neutral,positive
11.839159891,3.260298103,15.586178861000002
11.839159891,3.260298103,15.586178861000002
