negative,neutral,positive
19.006398020999995,4.956892893,33.680222691
42.408308224,11.247142152000002,68.064042866
30.86340014299999,8.114002086,92.13081275799999
92.27810638799998,24.318037131,193.875078315
