negative,neutral,positive
22.426697927999992,6.476716734,68.04361879999999
35.11364439699999,11.696747968999999,56.146454576000004
8.36773132,1.743631436,29.007607432
65.90807364499999,19.917096139,153.19768080799997
