negative,neutral,positive
31.36098968599999,8.890046807000001,79.03086790899998
19.875,2.5000000009999996,35.333333331999995
51.23598968599999,11.390046808000001,114.36420124099998
