negative,neutral,positive
13.96948653,0.9358006150000001,34.692087101
61.24447724499999,9.371055435999997,63.462844419999996
75.213963775,10.306856050999997,98.154931521
