negative,neutral,positive
62.939892300999986,10.859400061999999,65.33022477099999
62.939892300999986,10.859400061999999,65.33022477099999
