negative,neutral,positive
20.983211232,2.7816239310000004,24.880463980000002
15.935801040000003,1.888181994,19.053981107000002
27.16776861899999,7.642060851999999,50.867878144
40.950451375,3.6900960820000006,57.406958083999996
105.03723226599999,16.001962859,152.209281315
