negative,neutral,positive
14.370383276,1.9650406499999997,23.055691057
26.530265713,11.295313969000002,55.196956646999986
66.54905912800001,2.878756293,32.572414095
107.449708117,16.139110912,110.82506179899998
