negative,neutral,positive
24.483370288000003,3.966555803,31.042054690999993
24.583370288,3.7665558030000006,31.142054690999995
59.35816143600001,8.746089554000001,85.25382696799997
108.42490201200002,16.479201160000002,147.43793634999997
