negative,neutral,positive
26.034396656999988,5.925255367999999,41.859327451
24.853944471999995,3.779509301,69.063052794
50.88834112899998,9.704764669,110.922380245
