negative,neutral,positive
37.519859647,7.464846399000001,54.13518257299999
37.519859647,7.464846399000001,54.13518257299999
