negative,neutral,positive
20.489518627000002,11.676392770999998,35.076910964999996
29.412417312,2.999186993,26.211230619
6.273809523999999,2.0,12.059523809
56.175745463,16.675579764,73.347665393
