negative,neutral,positive
76.627320408,9.121440212000001,131.97440894899992
76.627320408,9.121440212000001,131.97440894899992
