negative,neutral,positive
36.4759887,1.7005649689999995,45.77259887200001
18.833333333,0.333333333,26.833333333
15.694444443999998,4.111111112,20.616666666
19.006398020999995,4.956892893,33.680222691
42.408308224,11.247142152000002,68.064042866
30.86340014299999,8.114002086,92.13081275799999
163.28187286499997,30.463046545,287.097677186
