negative,neutral,positive
40.546561487,15.604374407000002,77.64906285099998
14.248088904999998,3.905949741,26.133396684000004
61.822853657999985,23.039931595,121.55648085199998
116.61750404999998,42.550255743,225.33894038699998
