negative,neutral,positive
29.055826555999996,2.610298103,37.852845528
29.055826555999996,2.610298103,37.852845528
