negative,neutral,positive
53.663956367999994,9.055444690999996,83.52874577599997
49.229527511,1.552963355,45.946270766
102.893483879,10.608408045999996,129.47501654199996
