negative,neutral,positive
39.49341241799999,5.661621845999999,60.42170209499999
39.49341241799999,5.661621845999999,60.42170209499999
