negative,neutral,positive
74.18993482000002,8.483355459000002,58.89588709999997
27.909613194,3.1429858120000005,31.759867116000002
82.83291626899998,13.262216292999998,97.17903386199998
49.32614697600002,10.928019028000001,74.59248341199996
11.318524972,2.365853659,24.945702669999996
27.098717947999997,2.8333333339999998,77.79358974300001
14.208333333,2.2500000009999996,20.416666665
286.884187512,43.265763586000006,385.58323056799986
