negative,neutral,positive
55.429673262,4.843272534,44.99549988399998
55.429673262,4.843272534,44.99549988399998
