negative,neutral,positive
35.401126649,4.914141415000001,61.678282828
35.401126649,4.914141415000001,61.678282828
