negative,neutral,positive
37.416567354999984,6.722899726,53.86976468099999
37.416567354999984,6.722899726,53.86976468099999
