negative,neutral,positive
62.192722856,11.056967655999998,84.30797256099996
14.153009782000003,5.504422361,21.274971022999996
76.345732638,16.561390016999997,105.58294358399995
