negative,neutral,positive
47.104910807,9.007001402,73.08013490299999
10.000848203,6.472635765,18.049815225
19.486012091,1.6505107369999998,38.525349174
30.227380952999997,3.0095238099999997,25.304761903999996
21.53994134,1.92063492,18.459834365999995
33.800671549,6.2649572639999995,31.829670327999995
162.15976494300003,28.325263898000003,205.2495659
