negative,neutral,positive
5.295905924,3.7325203259999995,16.268321717
20.380653429,4.535677433,39.735796578
25.676559353,8.268197759,56.004118295
