negative,neutral,positive
8.280279505,3.45,13.557763973000002
8.280279505,3.45,13.557763973000002
