negative,neutral,positive
9.083333333,2.25,12.166666667
9.083333333,2.25,12.166666667
