negative,neutral,positive
31.556515702999988,5.366472417,42.88746253800001
43.472537190000004,11.314523254999997,54.374923704999986
75.029052893,16.680995671999998,97.262386243
