negative,neutral,positive
16.423607750000002,2.950564972,20.53497982
16.423607750000002,2.950564972,20.53497982
