negative,neutral,positive
10.527777777,3.111111111,13.25
18.572119477999994,3.8744230020000003,45.12511167699999
40.719741957,5.011788618000001,54.338812301
69.819639212,11.997322731,112.713923978
