negative,neutral,positive
70.33332008300002,8.618525977000001,141.69829811199995
30.20730341099999,2.9444763250000006,38.904556942
38.22534234100001,6.556644859000002,49.003079089999986
138.76596583500003,18.119647161000003,229.60593414399995
