negative,neutral,positive
104.055486972,17.244989821,94.36230995599998
104.055486972,17.244989821,94.36230995599998
