negative,neutral,positive
49.119298130000004,5.021455975,55.054201963999986
49.119298130000004,5.021455975,55.054201963999986
