negative,neutral,positive
10.863763066,7.032520322999998,43.233797911
22.736947200999996,4.062601625,36.323934599999994
51.34022826900001,1.182520325,24.855409629
5.995233048,1.4825203249999999,15.398704739000003
90.93617158400001,13.760162597999999,119.811846879
