negative,neutral,positive
15.510145140999999,0.6654524460000001,36.47126910299999
15.510145140999999,0.6654524460000001,36.47126910299999
