negative,neutral,positive
13.875813006999998,12.097560975999999,37.416869919
11.906639565,11.991192411,30.044715448
11.668021678999999,12.273712736,25.797560975999996
37.450474250999996,36.362466123,93.259146343
