negative,neutral,positive
5.676071809,1.597560975,7.073132857000001
5.676071809,1.597560975,7.073132857000001
