negative,neutral,positive
33.199860859,12.348887972999997,61.48327207699999
35.395413798999996,5.863331248,32.787742335999994
68.595274658,18.212219220999998,94.27101441299999
