negative,neutral,positive
22.674613708,3.9720270800000006,59.392221172000006
22.674613708,3.9720270800000006,59.392221172000006
