negative,neutral,positive
16.884672711,3.214144257,30.884896808999997
54.69093324899999,8.397151600000003,54.993213739999995
76.61988104199999,2.1053268760000003,25.978603008
4.5119047629999995,0.583333334,11.238095237
152.70739176499998,14.299956067000002,123.09480879399997
