negative,neutral,positive
19.671867835,3.6608922240000004,21.422945586999997
8.006134517,0.8649297850000001,7.581079082
32.08844999199999,5.00594974,39.346139015
59.76645234399999,9.531771749,68.350163684
