negative,neutral,positive
4.333333333,0.0,2.5
5.833333333,0.333333333,3.333333333
7.0,0.0,3.0
17.166666665999998,0.333333333,8.833333333
