negative,neutral,positive
8.994715446,0.521409214,19.23617886
7.3172086720000005,0.442818428,17.289024388999998
7.972493225,0.843631436,18.502845526999998
31.280708179999994,3.8354700860000004,27.518864466999997
35.83561898599999,6.732947676,43.675189849000006
84.30143070800001,10.798290599,54.95137493799997
39.633395128,6.392702282000001,80.86342356399999
215.33557034499998,29.567269721000002,262.0369015939999
