negative,neutral,positive
29.466214847999993,4.600189499,30.641752575999995
20.996164720999996,3.549186993,17.207917992000002
33.76441868999999,7.526964771000001,28.017441799999997
21.815750914999995,4.753846155000001,20.353479851
27.066677541999997,4.153033147,19.45663594
43.171325825999986,8.12640713,75.923921202
176.28055254199998,32.70962769500001,191.601149361
