negative,neutral,positive
14.686716789,3.0676691710000004,16.200501250000002
5.333333333000001,0.666666667,8.666666666000001
50.24709639499999,10.249186991999998,45.64808362099999
31.967479672999993,6.097560973999999,67.32520325499999
102.23462618999997,20.081083804,137.840454792
