negative,neutral,positive
74.627320408,9.121440212000001,131.97440894899992
74.627320408,9.121440212000001,131.97440894899992
