negative,neutral,positive
22.289887701999998,5.294885389999999,34.126095112
22.289887701999998,5.294885389999999,34.126095112
