negative,neutral,positive
42.80957129599998,10.760739047999998,44.950990324999985
18.145015903,4.67437257,40.52737716399999
60.95458719899998,15.435111617999997,85.47836748899996
