negative,neutral,positive
21.251114534000003,6.381149677,73.293799694
24.284447866999997,6.581149677,74.060466361
49.119298130000004,5.021455975,55.054201963999986
94.654860531,17.983755328999997,202.40846801899997
