negative,neutral,positive
63.804239255999995,3.925377468,53.200464576
63.804239255999995,3.925377468,53.200464576
