negative,neutral,positive
44.198423747999996,5.681571098,87.91657714600001
22.289887701999998,5.294885389999999,34.126095112
66.48831145,10.976456488,122.04267225800001
