negative,neutral,positive
16.0,2.666666667,50.833333333
41.05458923400001,4.636832273000001,69.85508954199999
1.0,0.0,2.0
58.05458923400001,7.303498940000001,122.68842287499999
