negative,neutral,positive
37.225885955999985,2.814792613,53.705128128999995
38.80921928899999,2.814792613,57.121794795999996
25.703383458999998,2.934335839,29.983834585000004
11.560171997000001,5.581348415999999,11.223190146999999
15.347284017,1.9101625999999996,44.92056642500001
31.95185952799999,8.948879031999999,53.42848420399998
31.229198129999993,9.857969940999999,49.37644204399998
191.82700237599997,34.862281054,299.75944032999996
