negative,neutral,positive
47.809571295999994,10.760739047999998,44.950990324999985
18.145015903,4.67437257,40.52737716399999
65.954587199,15.435111617999997,85.47836748899996
