negative,neutral,positive
29.376339377999997,2.49747759,30.901563475999996
29.376339377999997,2.49747759,30.901563475999996
