negative,neutral,positive
10.450542004999999,2.5650406500000003,23.68902439
17.707165936999996,6.47444236,43.787742337000005
22.032357264,5.942570392000001,58.99780211999999
50.190065206,14.982053402000002,126.474568847
