negative,neutral,positive
12.835398613,8.608395127000001,49.93239971199999
71.84833274400002,12.220460703999997,107.90568221399994
84.68373135700001,20.828855831,157.83808192599992
