negative,neutral,positive
29.055826555999996,2.610298103,37.852845528
16.601449277,0.666666667,8.271739129
45.657275833,3.2769647699999997,46.124584657
