negative,neutral,positive
13.507764542,0.7831663209999999,23.061372659
21.299916613999997,3.5017458820000007,45.624124451
22.43618502,3.232101503,36.983351811
24.940495547,9.069783198999996,37.491076266
24.007162214,9.736449864999999,39.4244096
23.662988771999995,9.546747967999998,40.47725512699999
129.854512709,35.869994737999995,223.06158991399997
