negative,neutral,positive
16.96288687,4.135247121,40.626875298
16.96288687,4.135247121,40.626875298
