negative,neutral,positive
3.249260902,1.123429416,6.833148559
15.504117154999998,2.491922034,19.168230143
35.34758261200001,20.186617247999997,47.103188834
54.10096066900001,23.801968697999996,73.10456753599999
