negative,neutral,positive
40.626480554,8.037581476000002,60.93669188699999
40.626480554,8.037581476000002,60.93669188699999
