negative,neutral,positive
61.822853657999985,23.039931595,121.55648085199998
22.108005734000002,2.153720217,30.039730111999994
32.706838338,3.2114959100000005,42.477472451
116.63769772999999,28.405147722,194.07368341499995
