negative,neutral,positive
27.068021677999994,2.973712736,47.997560975
26.220108212999996,5.570789117000001,32.740563900999994
40.551449272999996,3.2500000009999996,32.821739131
50.967228027999994,5.218157183000001,68.9761324
144.80680719199998,17.012659037000002,182.535996407
