negative,neutral,positive
16.884672711,3.214144257,30.884896808999997
16.884672711,3.214144257,30.884896808999997
