negative,neutral,positive
5.326339379,2.853033146,14.207119032000001
7.647493225,1.282520325,7.408401083999999
11.046703295000002,1.320512822,21.722527472
9.800813007999999,0.764227642,20.158536585
22.217490550999997,6.5339274550000015,37.31517252099998
56.038839458,12.754221390000001,100.81175669399997
