negative,neutral,positive
23.225956960999998,7.342665754999998,57.866736360999994
18.983633793,4.341852246,23.524531634999995
42.209590754,11.684518000999997,81.39126799599998
