negative,neutral,positive
32.44956595199999,2.712334245,72.063132656
18.990367620999997,2.4759985870000003,15.576758571000003
51.43993357299999,5.188332832,87.63989122699999
