negative,neutral,positive
8.462195122,5.563414632,38.894715447
43.18330355300001,16.932812173000002,64.72367997199999
51.64549867500001,22.496226805000003,103.618395419
