negative,neutral,positive
59.35816143600001,8.746089554000001,85.25382696799997
23.793399147999995,2.7523422370000006,37.769976768999996
30.466432619,4.517368811,45.489209161999995
9.504756856,3.315853659,21.689180931000003
15.418029128999995,2.6570847840000003,51.24461716599998
21.086306174999994,1.8887920999999999,44.319538995
159.62708536300002,23.877531145000003,285.76634999099997
