negative,neutral,positive
11.702785824,4.789386417,37.50361851599999
69.22497452,10.917567953,101.17664268099998
80.927760344,15.706954370000002,138.68026119699996
