negative,neutral,positive
44.439452212999996,5.668181818000001,42.122261072
18.263550134999992,5.2371273700000005,38.392276421999995
6.108505316,0.764227643,15.325203250999998
19.913550133999994,2.520460703,40.958943088999995
90.30824141299998,20.339415473000003,94.036019269
1.1666666669999999,1.3333333330000001,0.333333333
180.19996587799994,35.86274634,231.168036436
