negative,neutral,positive
7.69102564,3.691025642,26.039102562999997
20.748290592999993,3.0482905970000007,50.982051283
24.860195356999995,3.2649572659999997,54.186813185999995
20.889918196999997,1.8301040290000001,60.455544580999984
46.290640724999996,3.1459349580000002,35.674941928
120.48007051199997,14.980312492000001,227.33845354099998
