negative,neutral,positive
30.704636080999993,6.161091753,62.80602013199999
37.07047375199999,7.852570449999998,66.38307816099999
7.537992495,4.584740463999999,22.857254532
8.740953290999999,6.5976349889999995,32.664183232999996
26.951795117999993,2.199474762,65.49731664299999
111.00585073699997,27.395512418,250.20785270099998
