negative,neutral,positive
58.928643315999985,11.109235132,108.886096904
58.928643315999985,11.109235132,108.886096904
