negative,neutral,positive
7.559322034,0.033898305,6.105932203
7.559322034,0.033898305,6.105932203
