negative,neutral,positive
21.138380549999994,9.012601625,38.412467806
30.966432619,5.017368811,45.489209161999995
10.546988174,4.642368810000001,34.105875831
62.651801342999995,18.672339246,118.007552799
