negative,neutral,positive
32.942479674,8.080894309000001,57.208536583999994
32.942479674,8.080894309000001,57.208536583999994
