negative,neutral,positive
21.205142639999995,3.3974237400000002,48.075619633
21.205142639999995,3.3974237400000002,48.075619633
