negative,neutral,positive
17.678846153000002,2.937179488,34.515384615
24.611098844999994,5.331000421000001,52.962053114
42.289944997999996,8.268179909,87.477437729
