negative,neutral,positive
13.273064684000001,1.173559561,40.530222695
13.273064684000001,1.173559561,40.530222695
