negative,neutral,positive
10.2,0.366666667,6.233333332999999
102.04778731000003,4.961705231000001,50.122798468999996
18.542597016,1.598290599,13.960933268000002
130.79038432600004,6.926662497000001,70.31706507
