negative,neutral,positive
14.298127539,2.749533077,31.805056652999994
25.073064688,2.590226229,36.84688935699999
43.24844215099999,7.05933192,41.945495632
82.61963437799999,12.399091226,110.59744164199998
