negative,neutral,positive
13.87833738,2.09752754,28.341590114999992
13.87833738,2.09752754,28.341590114999992
