negative,neutral,positive
41.96434026700001,8.588508783,58.14505331899999
28.341709101999992,3.633114446000001,39.527231306000004
1.0,0.0,2.0
71.30604936900001,12.221623229,99.672284625
