negative,neutral,positive
16.960526318,2.067669173,12.426691727
15.908333333,1.45,8.516666667
19.953916985,2.471515327,20.409053568
18.262422364,2.0,9.650621114000002
12.293859650999998,2.067669173,11.593358394000003
14.417669174999999,1.067669173,10.469548870000002
20.033333330999998,3.766666667,26.000000000000004
36.03518659600001,3.7817073160000003,48.13964549799997
153.865247753,18.672896829000003,147.205585838
