negative,neutral,positive
9.141147741,3.594444444,14.243040290999998
9.807814408,3.461111111,20.209706958
8.637053662999998,2.410298103,24.103028677999998
27.586015812,9.465853658,58.555775927
