negative,neutral,positive
21.093002325999997,2.6067073160000005,24.893786290999998
19.284374922999998,4.863164237,24.476892775999996
40.37737724899999,7.469871553000001,49.370679067
