negative,neutral,positive
8.5,0.5,3.0
9.141147741,3.594444444,14.243040290999998
9.807814408,3.461111111,20.209706958
8.637053662999998,2.410298103,24.103028677999998
36.08601581199999,9.965853658,61.555775927
