negative,neutral,positive
9.577639754,4.2,21.178881985000004
10.833131561999998,3.533898305,19.248789341999995
24.592135114999998,10.6304795,41.430179688999985
7.185714287,0.7,13.814285713000002
9.904358355,2.3177966100000003,10.676150119
9.827639754,2.5,10.628881985000001
10.784415585000001,3.7181818180000006,10.389220778
37.790762228999995,4.317023549,40.44473816099999
15.213016471,6.221958182,43.63900212199999
135.708813112,38.139337964000006,211.45012989399996
