negative,neutral,positive
26.082943657999998,7.426151760000001,66.06314447
26.082943657999998,7.426151760000001,66.06314447
