negative,neutral,positive
20.069146301999996,3.1186076930000004,21.144749551999993
16.954268713,1.529153832,18.655484015
20.402479634999995,3.6186076930000004,23.311416217999998
57.42589464999999,8.266369218000001,63.11164978499999
