negative,neutral,positive
24.508673561999995,5.36481197,27.528289924999996
25.120055675999993,5.980665628000001,34.43113545399999
35.95541381499999,4.180452021,43.78572923200001
19.905433456,2.848290598,17.89157509
105.48957650899999,18.374220217,123.63672970100001
