negative,neutral,positive
14.346339649,7.641768859999999,23.236789295999994
18.878766476,5.145009418,31.889265535999996
8.059322034000001,0.033898305,2.855932203
41.284428159,12.820676583,57.981987034999996
