negative,neutral,positive
10.737179486,0.666666667,16.319230769999997
24.839708767999987,3.642233632000001,37.588179879
35.57688825399999,4.308900299000001,53.907410649
