negative,neutral,positive
19.905433456,2.848290598,17.89157509
19.905433456,2.848290598,17.89157509
