negative,neutral,positive
32.569074485,3.749838695,35.54971710499999
32.569074485,3.749838695,35.54971710499999
