negative,neutral,positive
11.805826558999998,1.043631436,15.452845527000001
13.711382115,0.599186992,14.352845527000001
19.105826559000004,1.960298103,15.48617886
18.037370815000003,2.733085297,19.175444396999996
20.644715448000003,2.465853659,17.219512193999996
19.244715448000004,2.2658536590000002,19.152845526999997
10.962566003000003,1.782046961,16.612874955000002
9.166666666,1.75,5.083333333
4.85,0.25,2.9
127.529069613,14.849956107000002,125.43588032000001
