negative,neutral,positive
84.66404448600001,15.082831327999994,149.63667182600003
52.291365582,9.223067877,64.659506404
136.955410068,24.305899204999996,214.29617823
