negative,neutral,positive
32.60042012499999,4.868638767,46.53834200699999
32.60042012499999,4.868638767,46.53834200699999
