negative,neutral,positive
14.482086261,2.8544945110000004,19.317178814000002
12.374550301,2.142487006,15.596384568000001
12.055555555,2.277777778,13.088888888
38.912192117,7.274759295,48.002452270000006
