negative,neutral,positive
9.166666666,1.75,5.083333333
4.85,0.25,2.9
14.016666665999999,2.0,7.983333332999999
