negative,neutral,positive
32.566020297999984,7.270934957999999,50.18301645799998
21.125751203999997,2.9572602050000003,34.289451615999994
53.69177150199998,10.228195162999999,84.47246807399998
