negative,neutral,positive
18.532965964,3.6509985860000005,14.635971822000002
16.128483838,4.940802676,24.513210697999998
21.093002325999997,2.6067073160000005,24.893786290999998
22.456368562999995,3.653116532,25.591869918
23.261924117999992,3.069783198,25.369647696999998
19.284374922999998,4.863164237,24.476892775999996
120.75711973199999,22.784572545000003,139.481379202
