negative,neutral,positive
13.321428573999999,3.5,23.011904759000004
19.073666932000002,6.359448470000001,39.840550574
27.299206832999992,6.708471850000001,51.69166226499999
22.26495726099999,5.864957264000001,35.215384613999994
22.308485958,5.72991453,29.585531134
19.948290596,3.7482906,30.948717950000002
19.988888887999998,3.644444445,21.372222222999998
144.20492504199996,35.55552715900001,231.66597351899998
