negative,neutral,positive
15.213016471,6.221958182,43.63900212199999
15.213016471,6.221958182,43.63900212199999
