negative,neutral,positive
47.78854819299999,17.932885538999997,81.31534698799999
47.78854819299999,17.932885538999997,81.31534698799999
