negative,neutral,positive
19.922217171000003,4.671409215,46.274895216000004
62.817010836000016,8.447481738000002,88.04599795399996
82.73922800700002,13.118890953000001,134.32089316999998
