negative,neutral,positive
35.995506095,6.282753876,46.76534425699999
11.777777777,3.8611111129999993,21.249999996999993
17.098290596000002,5.181623933,37.565384613999996
10.142655366000001,4.783898306,25.355932201999995
4.0,0.0,1.0
6.5,0.0,1.5
9.059322034000001,0.033898305,2.855932203
8.5,0.0,2.5
14.346339649,7.641768859999999,23.236789295999994
18.878766476,5.145009418,31.889265535999996
8.059322034000001,0.033898305,2.855932203
144.357980027,32.963962116,196.774580308
