negative,neutral,positive
14.628766476000001,5.995009415000001,32.255932200000004
12.128766477000001,4.828342749000001,17.422598866999998
12.271421844000002,5.612241053,22.111864403
20.545433142999997,7.245009414,34.089265532999995
12.309927713,5.723789700000001,30.856433452999994
16.05502618,5.583650267,24.098043264999998
16.002777775,6.094444443,30.699999996999995
103.942119608,41.08248704100001,191.53413771799998
