negative,neutral,positive
7.887179487000001,1.3666666669999998,10.669230769
29.454901077999995,4.587729973,52.36402185099999
37.342080564999996,5.95439664,63.03325261999999
