negative,neutral,positive
6.5,0.0,1.5
7.0,0.0,3.0
11.980576443,2.4686716790000003,11.293859647
25.480576443,2.4686716790000003,15.793859647
