negative,neutral,positive
35.00491452799999,5.529914531,46.29743589399999
12.716934665,2.4160872089999996,19.410582354
47.721849193,7.94600174,65.70801824799999
