negative,neutral,positive
35.710118817,7.851945669000001,46.289065294
35.710118817,7.851945669000001,46.289065294
