negative,neutral,positive
43.768021679000015,6.729268292,61.986449863
43.768021679000015,6.729268292,61.986449863
