negative,neutral,positive
8.660973087,2.3333333339999998,22.378881985
16.344444443,1.061111111,24.45
29.943783773000003,3.9491869910000004,42.360298939999986
27.160590859,6.341025641,46.224247489999996
32.608754563999995,5.614074467,37.518009895999995
32.533084083999995,4.667990411000001,35.74375968300001
147.25163081,23.966721955,208.675197994
