negative,neutral,positive
29.077197147999996,2.272254718,42.05480079099999
29.077197147999996,2.272254718,42.05480079099999
