negative,neutral,positive
37.029388159,3.7466645820000006,28.137742337
31.012080465999997,4.371023557,44.485178233
68.041468625,8.117688139,72.62292056999999
