negative,neutral,positive
22.391666665,6.066666667000001,20.291666667999998
8.635741088,1.373545966,30.883614759
15.841296643000002,2.212434855,32.116948089999994
9.872222220000001,1.9555555550000001,33.949999999999996
13.800662779,2.0650406489999997,31.099169315999998
15.909840884000001,1.5280885780000002,26.684093441999995
18.487179485999995,0.903846154,18.565384615
29.865519263999996,3.863053613,57.168852883
134.804129029,19.968232037,250.759729773
