negative,neutral,positive
22.81010453099999,3.726829268000001,24.303716605999995
22.81010453099999,3.726829268000001,24.303716605999995
