negative,neutral,positive
22.335528951999997,6.303970115999999,46.008987510000004
102.04778731000003,4.961705231000001,50.122798468999996
124.38331626200002,11.265675346999998,96.131785979
