negative,neutral,positive
28.469659651999997,3.760465488,44.71059301599999
9.940476193999999,6.0,10.859523806
38.410135845999996,9.760465488,55.57011682199999
