negative,neutral,positive
38.632643601,3.554972288,33.571015953
38.632643601,3.554972288,33.571015953
