negative,neutral,positive
19.23419621,6.716418630000001,48.93734915899999
53.844989143999996,9.536756556999999,83.36903575999999
73.079185354,16.253175187,132.30638491899998
