negative,neutral,positive
40.813728516000005,5.457444270999999,59.71604799299999
40.813728516000005,5.457444270999999,59.71604799299999
