negative,neutral,positive
42.968693665,9.228018421000003,67.462755085
42.968693665,9.228018421000003,67.462755085
