negative,neutral,positive
31.601690826,1.477777777,50.75631469299999
21.903846151,6.083333333,62.435897434
5.797619048999999,1.5,13.702380951
59.303156025999996,9.061111109999999,126.89459307799999
