negative,neutral,positive
43.802026998,8.894685087000004,66.29608841899999
43.802026998,8.894685087000004,66.29608841899999
