negative,neutral,positive
30.55507267999999,2.0830852970000002,23.510496155000002
31.749021750000004,4.225412994,52.317041895
2.5,0.0,3.5
2.5,0.0,3.5
45.00485212099999,6.602783181999999,66.96799416099998
112.30894655099999,12.911281472999999,149.79553221099997
