negative,neutral,positive
32.044117646,3.5343137269999993,12.421568627
27.570512820999998,3.2833333339999995,18.235897434
59.614630467,6.817647060999999,30.657466061
