negative,neutral,positive
10.268115944,2.3333333339999998,13.069358176000001
36.27819185499999,7.526811595,42.738992407
46.54630779899999,9.860144929,55.808350583
