negative,neutral,positive
83.893473325,7.1718935340000005,90.378177612
6.512969415,3.5602981020000004,14.529036003000002
8.362456865999999,2.4045893710000006,13.911697721000001
13.227260178999998,2.9379227050000005,21.259937886000003
8.288766789,2.514957265,16.508241757
20.924603173999998,0.25,19.373015874
14.646825397999999,3.4777777770000005,17.764285711999996
13.307142857,3.0333333330000003,15.492857142999998
169.163498003,25.350772087000003,209.21724970800003
