negative,neutral,positive
30.49811987999999,3.864993588000001,33.09456081399999
32.943558152,4.452066961999999,42.391832623999996
55.537382941000004,12.589283076,103.38874133999998
118.979060973,20.906343626,178.87513477799996
