negative,neutral,positive
45.767571181,7.838556293000002,41.914259313999985
22.91209434,5.872386082,32.751670073999996
68.679665521,13.710942375000002,74.66592938799998
