negative,neutral,positive
64.15381018,9.156556508999998,51.278268251
64.15381018,9.156556508999998,51.278268251
