negative,neutral,positive
39.094672658,4.5818968159999995,61.36856164299999
39.094672658,4.5818968159999995,61.36856164299999
