negative,neutral,positive
24.783353411,11.751385310999996,37.66519833199998
50.528229565999986,9.025122404000001,65.338001688
75.31158297699999,20.776507714999997,103.00320001999998
