negative,neutral,positive
16.541048721,5.091109026000001,39.078218526
16.541048721,5.091109026000001,39.078218526
