negative,neutral,positive
52.17691250600001,8.115424803000002,81.90513198399996
52.17691250600001,8.115424803000002,81.90513198399996
