negative,neutral,positive
30.917200192,6.976190477,44.28620799400001
39.93694881299999,8.003776363999998,44.673980790999984
70.85414900499998,14.979966841,88.96018878499999
