negative,neutral,positive
16.191666667,6.791666666999999,6.976666666
16.191666667,6.791666666999999,6.976666666
