negative,neutral,positive
32.556396975999995,10.036955847,71.988370291
32.556396975999995,10.036955847,71.988370291
