negative,neutral,positive
24.210938626999994,4.589578685,35.915476444999996
24.210938626999994,4.589578685,35.915476444999996
