ratio,portion
0.6410510412297747,0.20953026647127304
