ratio,portion
0.573848952821316,0.08273387324776604
