ratio,portion
0.754625599665323,0.4238218861609868
