ratio,portion
0.6964832572818049,0.314119353361896
