ratio,portion
0.6517323738645537,0.22968372427274275
