ratio,portion
0.5488802803194601,0.0356231704140757
