ratio,portion
0.5845514803263491,0.10292732137046978
