negative,neutral,positive
4.499999999,2.6666666660000002,23.833333333
4.499999999,2.6666666660000002,23.833333333
