negative,neutral,positive
13.385714286,0.0,21.861904761999998
13.385714286,0.0,21.861904761999998
