negative,neutral,positive
0.5,0.0,1.0
1.428571429,0.0,2.571428571
3.833333333,0.833333333,6.499999999
2.0,0.0,1.0
7.761904762,0.833333333,11.07142857
