ratio,portion
0.43553270956185264,0.049340187131444196
