ratio,portion
0.7863270648950533,-0.055898119468516
