ratio,portion
0.6434469847680021,-0.013034095430400638
