ratio,portion
0.6186916963230845,-0.005607508896925362
