ratio,portion
0.5510923746385751,0.03979693328033029
