ratio,portion
0.8676862713670446,0.6000000000000001
