ratio,portion
0.8676862713670446,-0.08030588141011337
