ratio,portion
0.6470202162534432,-0.014106064876032965
