ratio,portion
0.3946940282192247,0.061591791534232575
