ratio,portion
0.7100084819284015,-0.033002544578520455
