ratio,portion
0.7624218986773187,-0.04872656960319561
