ratio,portion
0.6120992295903452,-0.0036297688771035784
