ratio,portion
0.6776826157516641,-0.02330478472549924
