ratio,portion
0.937637570884693,-0.1012912712654079
