ratio,portion
0.5345731788883339,0.019628046333499828
