ratio,portion
0.8435685306599051,-0.07307055919797154
