ratio,portion
0.8435685306599051,0.6000000000000001
