negative,neutral,positive
113.12296245000003,8.353599993000003,90.189639367
17.495759581999998,1.7548886970000002,18.552162803
