negative,neutral,positive
106.93677390200003,6.009485103000001,65.69916931099999
11.90485049,0.663979605,10.233980983
