negative,neutral,positive
11.855825016,2.73385409,32.373436499
11.355825016,2.73385409,28.873436499
19.504094083,4.285560242999999,47.438642235
25.99743165499999,9.590907315,35.46065495600001
