negative,neutral,positive
37.91685428499999,9.58148843,49.385303312999994
38.359810651000004,6.6670456640000015,57.05969563099999
7.284313725,2.281045752,29.486928103000004
7.284313725,2.281045752,26.486928103000004
13.301064651999999,3.686488579,40.698083625
22.165060783999994,6.014957266000001,25.914556453999996
