negative,neutral,positive
6.37422943,0.779326365,16.529683729000002
35.036746249000004,7.154778869999998,47.438854027
83.12015932599999,19.464815325,83.65566878899999
124.531135005,27.398920559999997,147.624206545
