negative,neutral,positive
20.772645844999996,6.573545964999999,52.67170999399999
20.772645844999996,6.573545964999999,52.67170999399999
