negative,neutral,positive
30.674390243999987,5.376829268000001,65.189430892
23.366914236999996,6.379457791000001,60.32233632599999
54.04130448099998,11.756287059000002,125.51176721799999
