negative,neutral,positive
10.217460316000002,2.8388888880000005,18.004761903000002
10.217460316000002,2.8388888880000005,18.004761903000002
