negative,neutral,positive
22.03255903699999,1.3086720859999998,53.615679443
16.282017033,0.565853659,41.093321718999995
21.082559036999992,1.108672086,51.56567944299999
59.39713510699998,2.9831978309999996,146.274680605
