negative,neutral,positive
3.0,0.0,4.0
6.5,0.0,1.5
12.487179486,1.653846154,22.915384616
16.499999999,3.0,27.366666667
38.487179485,4.653846154,55.782051283
