negative,neutral,positive
31.08222588699999,4.1946339429999995,59.396997576000004
31.08222588699999,4.1946339429999995,59.396997576000004
