negative,neutral,positive
20.067493494,4.391768859,36.517558527999995
17.862179484,5.737179487000001,26.532051282999998
37.929672978,10.128948346000001,63.049609810999996
