negative,neutral,positive
13.604761903,8.250000002,43.732142855000006
13.604761903,8.250000002,43.732142855000006
