negative,neutral,positive
4.741666666,1.7916666669999999,18.466666667000002
9.302502788999998,3.54379882,28.351769487
5.565140283,2.827454966,21.900884743
19.609309738,8.162920453,68.71932089699999
