negative,neutral,positive
53.946125653999985,12.564333754999998,92.84807795799999
53.946125653999985,12.564333754999998,92.84807795799999
