negative,neutral,positive
9.812362506,0.68658195,30.846122839000003
12.488030334,1.385768942,33.934682653
10.188030333999999,1.2191022749999998,34.40134932
32.488423174,3.2914531669999993,99.18215481200002
