negative,neutral,positive
25.62882219,4.544791062000001,24.283585372999994
25.62882219,4.544791062000001,24.283585372999994
