negative,neutral,positive
15.04289472,4.268514722000001,29.975534603
8.267647059,0.558823529,21.114705882
9.70672269,1.510504201,20.665126049999998
17.148721277999996,5.078812825000001,45.078380130999996
19.130196307,5.5462925,49.16601079299999
12.214323290999998,3.8756575790000003,37.063629840999994
19.266368336999996,6.137636354,51.043086013
100.77687368199997,26.976241710000004,254.10647331299998
