negative,neutral,positive
4.972222222,1.144444444,25.438888888999998
4.877777778,1.800000001,19.822222218999997
9.205555555,0.8777777779999999,26.598888889
9.86111111,0.855555556,26.521111109999996
12.197619046000002,3.25,27.385714285
41.114285711,7.9277777789999995,125.76682539199999
