negative,neutral,positive
6.9583916089999995,1.144755245,23.729020978999998
6.797493224,0.468631436,22.919512194999996
9.633875339,0.9094850950000001,21.105691054999994
23.389760172,2.522871776,67.75422422899999
