negative,neutral,positive
11.827435505,2.475810369,21.424815225
7.704761906000001,0.652380953,7.909523809
10.242881988999999,1.292209656,16.48768128
11.845383277,2.060278746,24.621167245999995
41.620462677000006,6.480679724,70.44318756
