negative,neutral,positive
15.518132466999997,6.123199962000001,82.09392496
15.518132466999997,6.123199962000001,82.09392496
