negative,neutral,positive
4.7019618229999995,2.069476848,11.648497701999998
10.134424789,2.4594850950000002,20.862833912999996
8.020050125,2.5676691739999997,23.367167919
11.967758122,2.876151762,26.27950058
8.490495548,1.7420054200000001,16.594250869999996
10.673042675000001,2.17696477,20.809988384999997
16.610615265,2.9594850950000002,32.553310104
70.59834834700001,16.851238164,152.115549473
